user_id,friend_id
0,542
0,868
0,96
0,481
0,741
0,548
0,190
0,813
0,743
0,831
0,139
0,312
0,700
0,557
1,198
1,389
1,508
1,104
1,630
1,936
1,934
1,116
1,718
1,859
1,157
1,295
2,32
2,61
2,491
3,488
3,985
3,677
3,885
3,798
3,476
3,380
3,213
3,957
3,555
3,84
3,267
3,83
3,822
3,287
3,905
3,8
3,558
3,413
4,810
4,758
4,14
4,960
4,990
4,957
4,724
4,862
4,340
4,566
4,156
4,472
4,85
4,130
4,728
4,322
5,572
5,258
5,207
5,623
5,417
5,369
5,520
5,261
5,168
5,114
5,407
5,396
5,345
6,432
6,104
6,110
6,485
6,692
6,56
6,923
6,96
6,506
6,556
6,714
6,384
6,399
6,310
7,215
7,818
7,816
7,447
7,70
7,452
7,936
7,619
7,12
7,134
8,955
8,834
8,265
8,351
8,293
8,165
8,910
8,805
8,263
8,826
8,452
8,445
8,733
8,229
8,476
8,547
9,161
9,786
9,489
9,226
10,538
10,520
10,598
10,351
10,489
10,713
10,252
10,625
10,317
10,263
10,871
10,103
10,526
11,507
11,588
11,388
11,359
11,824
11,608
11,792
11,917
11,299
12,648
12,867
12,5
12,516
12,980
13,910
13,232
13,218
13,637
13,949
13,579
13,13
13,412
13,895
13,621
13,283
13,6
13,116
13,133
13,212
13,492
13,601
13,458
14,356
14,520
14,388
14,543
14,556
14,567
14,81
14,865
14,595
14,789
14,390
14,242
14,727
14,177
14,361
14,517
14,793
14,907
15,337
15,405
15,757
15,674
15,618
15,897
15,77
15,24
15,495
15,809
15,965
15,861
15,513
15,283
15,716
16,918
16,121
17,92
17,999
17,112
17,657
17,887
17,332
17,910
17,854
17,229
17,10
17,117
17,396
17,101
17,878
17,58
17,552
18,941
18,105
18,385
18,212
18,145
18,166
18,867
18,837
19,235
19,635
19,303
19,321
19,348
19,40
19,207
19,45
19,350
19,107
19,961
19,311
20,755
20,14
20,686
20,901
20,82
20,527
20,491
20,492
21,278
21,454
21,312
21,170
21,379
21,153
21,552
21,478
22,551
22,884
23,457
23,932
24,588
24,856
24,287
24,210
24,748
24,556
24,830
24,33
24,930
24,76
24,732
24,97
24,277
24,275
24,716
24,633
24,650
25,772
25,826
25,5
25,341
25,989
26,646
26,859
26,905
27,608
27,408
27,199
27,231
27,134
27,354
27,781
27,129
27,522
27,706
27,897
27,807
27,556
27,980
27,657
28,110
28,314
28,718
28,129
28,469
28,978
28,942
28,967
28,2
28,769
28,137
28,19
28,577
28,326
28,933
28,219
28,246
28,592
29,752
29,592
29,628
29,673
29,801
29,114
29,139
29,333
29,147
29,963
29,578
29,438
29,462
29,858
29,750
29,569
29,690
30,397
30,57
30,59
31,279
31,578
31,835
31,780
31,572
31,739
31,706
31,396
31,568
31,908
31,865
31,62
31,290
31,254
31,431
31,643
31,807
31,492
32,890
32,107
32,151
32,693
32,245
32,779
32,317
32,146
32,801
32,855
32,320
32,426
33,246
33,144
33,839
33,737
33,142
33,642
33,379
33,683
33,579
33,17
33,836
33,419
33,639
33,138
34,937
34,143
34,709
34,593
34,204
34,796
34,312
34,323
34,943
34,791
34,87
34,100
34,272
34,50
35,352
35,1
35,751
35,850
35,370
35,492
35,178
35,853
35,646
35,869
35,483
35,470
35,481
35,825
35,41
35,766
36,687
36,110
36,717
36,607
36,682
36,650
36,73
37,518
37,894
37,740
37,439
37,232
38,500
38,628
38,2
38,561
38,39
38,762
38,221
38,655
38,125
38,297
38,862
38,922
38,706
38,581
38,937
38,864
39,680
39,973
39,180
39,312
39,139
39,748
40,689
40,523
40,75
40,169
40,271
40,204
40,380
40,225
40,265
40,534
41,343
41,317
41,318
41,216
41,796
41,655
41,330
41,615
41,776
41,326
41,391
41,203
42,433
42,807
42,587
42,118
42,723
42,234
43,451
43,322
43,220
43,346
43,610
43,944
43,747
43,661
43,759
43,95
43,819
43,165
43,729
43,299
43,673
43,994
43,810
43,948
44,391
44,56
44,329
44,551
44,616
44,216
44,697
44,741
44,776
44,804
44,200
44,691
44,735
44,29
44,333
44,465
44,749
44,12
45,285
45,974
46,972
46,507
46,362
46,284
46,19
46,721
46,340
46,351
47,560
47,532
47,148
47,580
47,208
48,451
48,197
48,541
48,265
48,514
48,505
48,230
48,581
48,798
49,436
49,410
49,408
49,268
49,282
49,336
49,406
49,715
49,599
49,293
49,8
49,167
49,443
49,988
49,623
49,921
50,467
50,372
50,765
50,97
50,584
50,99
50,309
51,842
51,607
51,778
51,36
51,393
51,851
51,742
51,944
52,417
52,315
52,126
52,744
52,142
52,565
52,139
52,477
53,870
53,799
53,761
53,83
53,172
53,384
53,842
53,342
53,228
53,175
53,251
53,582
53,765
53,620
54,670
54,614
55,157
55,781
55,145
55,485
55,73
55,358
55,223
55,984
55,939
55,819
55,576
55,421
55,951
55,604
55,636
55,504
55,880
55,437
56,506
56,895
56,725
56,562
56,850
56,246
56,130
56,556
56,832
56,384
56,437
56,531
56,201
56,440
56,690
56,600
57,61
57,945
57,362
57,321
57,600
57,74
57,857
57,49
57,747
57,531
57,771
58,368
58,259
58,94
58,788
58,30
58,963
59,615
59,217
59,285
59,137
59,202
59,582
59,40
59,837
60,462
60,515
60,304
60,850
60,741
60,39
61,87
61,549
61,322
61,411
61,675
61,247
61,716
61,780
61,358
61,987
61,122
61,966
61,177
61,574
61,485
61,457
62,82
62,241
62,124
62,265
62,743
62,331
62,437
62,488
62,382
62,952
62,985
62,308
62,588
62,446
62,71
62,981
62,276
62,719
62,781
63,839
63,673
63,874
63,169
63,20
63,363
63,119
63,214
64,870
64,836
64,991
65,864
65,175
65,952
65,61
65,135
65,275
65,509
65,311
66,583
66,492
66,772
66,209
66,715
66,682
66,397
66,992
66,969
66,863
66,83
66,987
66,384
66,188
66,642
66,983
66,143
66,274
66,154
67,440
67,857
67,90
67,689
67,895
67,858
67,25
67,535
67,528
67,742
67,726
67,616
67,421
67,375
67,115
68,560
68,677
68,351
68,681
68,544
68,535
68,848
68,543
68,534
68,453
68,49
69,502
69,399
69,757
69,364
69,188
69,388
69,50
69,424
69,743
69,1
69,773
69,336
69,856
70,75
70,408
70,8
70,5
70,774
70,454
70,964
70,697
70,895
70,679
70,170
70,494
70,177
70,534
71,319
71,723
71,92
71,669
71,193
71,494
71,856
71,609
71,288
71,507
71,265
71,722
71,228
71,207
71,25
71,511
71,115
72,428
72,383
72,488
72,720
72,25
72,803
72,905
72,72
73,431
73,957
73,646
73,214
73,909
73,473
73,260
73,622
73,563
73,575
73,959
73,417
73,258
73,437
73,590
73,482
73,539
74,233
74,478
74,659
74,586
74,320
74,783
74,330
74,978
74,372
75,467
75,301
75,941
75,994
75,64
75,694
75,256
75,807
75,364
75,291
75,865
75,728
75,122
75,29
75,262
75,56
75,484
76,586
76,106
76,565
76,276
76,574
77,123
77,797
77,756
77,354
78,264
78,699
78,401
78,129
78,882
78,319
78,525
78,604
78,378
78,488
78,58
78,59
78,88
78,518
78,179
78,153
78,144
78,953
78,902
79,465
79,605
79,255
79,138
79,388
79,386
79,259
79,564
79,892
80,543
80,539
80,883
80,207
80,168
80,466
80,340
80,351
80,49
80,137
80,397
80,270
81,103
81,530
81,689
81,313
81,216
81,688
81,914
81,781
81,451
81,557
81,745
81,402
81,29
81,894
81,127
81,155
82,723
82,118
82,555
82,560
82,31
82,362
82,924
82,397
82,139
82,28
82,146
83,186
83,134
84,36
84,474
84,399
84,356
84,596
84,724
84,600
84,728
84,610
84,665
84,88
84,185
84,96
84,624
84,283
85,292
85,431
85,526
85,174
85,476
85,642
85,144
85,134
85,363
85,355
85,162
86,16
86,164
86,709
86,79
86,14
86,332
86,194
86,615
86,328
86,376
86,121
86,49
86,649
86,512
86,906
86,77
86,772
86,321
86,373
86,65
87,512
87,174
87,750
87,326
87,227
87,483
87,406
87,65
87,324
87,156
88,750
88,599
88,523
88,405
88,816
88,851
88,455
88,426
88,629
88,164
88,952
89,431
89,883
89,216
90,990
90,136
90,971
90,746
90,357
90,367
90,822
91,509
91,910
91,282
91,611
91,204
91,686
91,429
91,614
91,251
91,588
91,712
91,119
91,581
91,462
91,364
91,381
91,130
91,762
91,444
92,79
92,843
92,678
92,628
92,791
92,351
92,242
92,698
92,400
92,612
92,293
93,459
93,742
93,447
93,637
93,972
93,977
93,48
93,461
93,388
93,831
93,565
93,311
93,526
93,402
93,194
93,636
93,269
93,270
93,174
93,502
94,969
94,418
94,237
94,945
94,746
94,5
95,926
95,27
95,829
95,16
95,493
95,305
95,201
95,175
95,523
95,146
95,409
95,697
95,671
95,917
95,730
95,120
95,797
95,136
96,187
96,815
96,49
97,923
97,299
97,207
97,992
97,892
97,77
97,244
97,539
97,249
97,899
97,432
97,127
98,35
98,600
98,601
99,454
99,731
99,844
99,892
99,502
99,109
99,997
99,822
99,614
99,386
99,13
99,222
99,850
99,854
99,728
99,899
99,231
99,421
100,372
100,861
100,380
101,587
101,449
101,201
101,212
101,665
101,224
101,426
101,5
101,745
101,822
101,577
101,6
101,612
101,34
101,539
101,782
101,254
102,380
102,655
102,438
102,841
102,80
102,54
103,915
103,968
104,445
104,922
105,829
105,660
105,513
105,308
106,728
106,572
106,923
106,307
106,883
106,778
106,248
106,952
106,39
106,496
106,474
106,75
106,808
106,787
106,970
106,419
106,640
106,510
106,512
107,253
107,140
107,691
107,622
107,995
107,386
107,131
107,649
107,266
107,889
107,356
107,516
108,283
108,138
108,106
108,265
108,944
108,280
108,431
108,685
108,687
108,807
108,402
108,405
108,761
108,54
108,46
109,322
109,520
109,243
110,527
110,370
110,677
110,821
110,286
110,652
110,716
110,979
110,293
110,988
110,833
110,878
110,720
111,278
111,171
111,181
111,616
111,40
111,409
111,944
111,530
111,510
111,934
111,313
112,408
112,490
112,454
112,831
112,987
112,734
112,327
112,680
112,122
112,147
112,805
112,15
112,916
112,469
112,333
112,630
113,656
113,108
113,328
113,106
113,460
113,998
113,191
113,427
113,384
113,659
113,30
113,237
113,101
113,413
113,585
113,808
113,400
114,535
114,493
114,403
115,997
115,289
115,195
115,158
116,389
116,115
116,33
117,355
117,527
117,749
117,892
117,666
117,459
117,22
117,63
117,138
117,64
117,261
117,558
118,272
118,478
118,341
118,331
118,875
118,394
118,90
118,645
118,190
118,439
118,898
118,217
118,493
118,210
118,762
118,163
118,957
118,824
118,935
118,787
119,590
119,512
119,479
119,89
119,173
120,896
120,619
120,368
120,541
121,462
121,757
121,776
121,905
121,676
121,240
121,924
121,376
121,548
122,368
122,753
122,594
122,183
122,65
122,454
122,932
122,445
122,403
122,770
123,761
123,404
123,856
123,907
123,524
123,860
123,666
123,854
123,943
123,507
123,475
123,152
123,457
123,257
123,818
123,561
123,310
123,802
123,794
123,593
124,713
124,410
124,704
124,209
124,122
124,805
124,1
124,758
124,149
125,463
125,551
125,948
125,614
125,40
125,597
125,79
125,84
125,961
125,181
125,882
125,511
125,987
125,159
125,826
126,427
126,607
126,206
126,529
126,444
126,838
126,967
126,24
126,334
126,699
126,377
126,294
126,402
126,314
126,935
126,851
126,149
126,724
126,128
127,851
127,759
127,996
127,656
127,455
127,209
127,32
127,839
127,21
127,45
127,77
127,880
127,577
128,942
128,759
128,207
128,274
128,248
128,202
128,51
128,520
129,472
129,663
129,831
129,615
129,906
129,878
130,788
130,203
130,287
130,26
130,726
130,351
130,918
130,309
130,502
130,670
130,673
131,183
131,692
131,922
131,672
132,61
132,734
132,982
132,760
132,289
132,969
132,904
132,510
132,212
132,810
132,741
133,162
133,333
134,868
134,178
134,99
134,501
134,961
134,52
134,862
134,616
134,381
134,276
134,170
134,360
134,516
134,421
134,597
134,509
134,760
134,831
135,612
135,599
135,131
135,473
135,66
135,161
135,922
135,179
135,266
135,30
135,284
135,292
135,921
135,335
135,130
136,122
136,838
136,926
136,854
137,815
137,13
137,539
137,458
137,434
137,479
137,177
137,772
137,209
137,737
137,928
137,985
137,569
137,812
137,635
137,922
137,861
138,800
138,889
138,919
138,292
138,189
138,683
138,658
138,609
139,538
139,73
140,352
140,348
140,101
140,842
140,80
140,942
141,475
141,714
141,657
141,879
141,194
141,120
141,189
141,717
141,649
141,701
141,6
141,58
141,708
141,115
141,52
141,568
141,837
141,4
141,880
141,821
142,109
142,452
142,131
142,951
142,681
142,530
142,909
142,260
142,59
142,182
142,454
142,397
142,226
142,761
143,607
143,520
143,391
143,366
143,348
143,98
143,976
143,355
143,248
143,900
143,981
143,2
143,565
143,807
143,763
143,285
143,82
143,827
143,828
143,481
144,400
144,778
144,315
144,133
144,112
144,814
144,996
144,113
144,487
144,816
144,338
144,176
144,307
144,159
144,229
144,304
144,565
145,299
145,651
145,55
145,987
145,48
145,466
145,859
146,865
146,376
146,918
146,905
146,208
146,680
147,156
147,963
148,453
148,740
149,434
149,233
149,31
149,79
149,237
149,220
149,862
149,183
149,746
149,296
149,353
149,842
149,10
149,524
149,547
149,606
150,860
150,286
150,448
150,495
150,224
150,712
150,885
150,6
150,229
150,295
150,708
150,30
151,614
151,84
151,930
151,378
151,498
151,850
151,41
151,445
151,462
151,115
151,118
151,176
151,83
151,111
152,241
152,590
152,658
152,969
152,198
152,376
152,867
152,451
152,840
153,281
153,289
153,434
153,877
153,779
153,312
153,313
153,246
153,173
153,324
153,303
153,813
153,832
153,381
153,332
153,897
153,775
153,685
154,10
154,855
154,935
154,682
154,538
154,18
154,754
154,494
154,120
154,404
154,724
154,401
154,934
154,476
154,836
154,528
154,614
155,654
155,895
155,791
155,310
155,400
155,666
155,981
155,846
155,774
155,563
155,909
155,484
155,160
155,611
155,207
155,562
155,135
155,188
156,666
156,760
156,570
156,994
156,454
156,58
156,832
156,243
156,145
156,110
157,592
157,924
157,503
157,393
157,213
157,169
158,699
158,914
158,298
158,418
158,67
158,260
158,148
158,562
158,284
158,523
158,526
158,924
158,511
158,898
159,410
159,416
159,860
159,706
159,329
159,184
159,303
159,5
159,723
159,819
159,474
159,43
159,538
159,293
159,688
160,900
160,789
160,561
160,673
160,971
160,911
160,374
160,704
160,441
160,421
160,84
160,980
160,446
160,515
160,864
160,525
160,436
160,454
161,389
161,207
161,741
161,119
161,600
161,10
161,49
161,384
161,921
161,596
161,524
161,957
161,468
161,947
161,868
161,901
161,428
161,172
161,617
161,303
162,702
162,51
162,549
162,736
162,361
163,908
163,117
163,249
163,835
163,570
163,37
163,479
163,714
163,272
163,480
163,438
164,741
164,567
164,58
164,308
164,118
164,334
164,814
164,859
164,873
164,584
164,44
164,716
164,142
164,403
164,335
165,113
165,596
165,30
165,436
165,841
165,277
165,274
165,787
166,627
166,189
166,936
166,616
166,813
166,208
167,579
167,828
167,620
167,811
167,765
167,818
167,740
167,179
167,931
167,16
167,158
167,186
167,490
167,122
167,500
167,550
167,846
167,709
167,40
168,151
168,575
168,844
168,596
168,420
168,562
168,807
168,8
168,627
168,450
168,157
169,392
169,492
169,53
169,422
169,177
169,979
169,847
169,524
169,383
169,11
169,91
169,743
169,560
170,968
170,229
170,49
170,359
170,525
170,763
170,423
170,818
170,212
170,919
171,915
171,811
171,990
171,389
171,707
171,975
171,960
171,417
171,104
171,478
171,256
172,174
172,152
172,589
172,658
172,611
172,492
172,357
172,349
172,16
172,547
172,671
172,33
172,499
172,642
172,958
172,274
172,514
172,430
172,969
172,502
173,598
173,174
173,102
174,893
174,203
174,337
174,230
174,11
174,115
174,97
174,746
174,517
174,297
174,326
174,731
174,358
174,985
174,177
174,352
174,798
175,121
175,63
175,81
175,737
175,879
175,183
175,464
176,273
176,123
176,81
177,199
177,650
177,814
177,196
177,568
177,2
177,108
177,906
178,733
178,937
178,824
178,220
178,724
178,321
178,815
178,302
178,899
178,445
178,92
179,901
179,606
179,397
179,728
179,221
179,755
179,581
179,177
180,363
180,152
180,531
180,773
181,407
181,417
181,756
181,136
182,70
182,975
182,612
182,639
182,710
183,520
183,969
183,198
183,215
183,725
183,251
183,94
183,776
183,904
183,31
183,236
183,834
183,629
183,317
183,640
183,851
183,936
183,47
183,454
184,953
184,242
184,101
184,85
184,366
184,516
184,437
184,625
185,462
185,322
185,522
185,863
185,78
185,412
186,694
186,553
186,11
186,797
186,939
186,740
186,952
186,346
186,626
186,144
186,973
186,40
186,419
186,336
187,312
187,716
187,580
187,116
187,600
187,491
188,29
188,123
188,868
188,84
188,405
188,481
188,60
188,443
188,606
188,804
189,78
189,754
189,726
189,479
189,200
189,58
189,860
189,88
190,295
190,242
190,584
190,758
190,574
190,69
190,417
190,488
190,522
190,906
190,342
190,503
190,207
190,39
190,894
190,989
190,834
190,604
190,469
190,457
191,16
191,362
191,663
191,462
191,246
191,356
191,928
191,874
191,686
191,799
191,832
191,782
191,992
191,918
192,629
192,84
192,742
192,150
192,829
193,546
193,435
193,573
193,10
193,34
193,124
193,133
193,793
193,182
194,883
194,254
194,554
194,786
194,26
194,463
194,405
194,384
194,48
194,303
194,278
194,216
194,441
194,12
194,692
194,369
194,530
194,63
195,464
195,473
195,231
196,159
196,59
196,61
196,635
196,526
196,108
196,315
196,65
196,850
196,993
196,799
197,730
197,824
197,187
197,582
197,585
197,115
197,647
197,135
197,440
197,570
197,706
197,261
197,867
198,847
198,790
198,739
199,68
199,305
199,977
199,997
199,957
199,980
199,389
199,88
199,935
199,837
199,275
199,473
199,238
199,181
200,405
200,949
200,743
200,689
200,617
200,430
200,484
200,119
200,662
200,398
200,997
200,148
200,856
200,855
200,386
200,460
201,46
201,827
201,519
201,464
201,226
201,999
201,849
201,401
201,688
201,485
201,453
201,203
201,118
201,756
201,172
201,730
201,659
201,444
201,369
202,360
202,477
202,948
202,116
202,695
202,725
202,440
202,180
202,490
202,398
202,561
203,433
203,684
203,704
204,699
204,855
204,305
204,681
204,88
204,520
204,867
204,320
204,385
204,216
204,314
204,510
204,214
204,669
204,870
204,652
204,625
204,972
204,490
205,223
205,977
205,48
205,740
205,5
205,440
205,646
206,360
206,216
206,857
206,402
206,980
206,290
206,379
206,150
206,61
206,359
206,906
206,231
207,366
207,784
208,710
208,414
208,908
208,601
208,995
208,42
208,774
208,580
209,649
209,404
209,185
209,766
210,809
210,841
210,363
210,906
210,91
210,429
211,678
211,675
211,796
211,279
211,114
211,740
211,731
212,354
212,611
212,376
212,912
212,956
212,423
212,57
212,521
212,541
212,988
212,851
213,935
213,91
213,72
213,76
213,692
213,215
213,288
213,587
213,153
213,97
213,14
213,789
213,885
213,21
213,12
213,921
213,133
214,975
214,933
214,400
214,987
214,656
214,849
214,260
214,239
214,772
214,263
214,495
214,568
214,890
214,589
214,123
214,493
214,591
214,958
214,160
215,753
215,806
215,334
215,138
215,685
215,417
215,270
215,591
215,443
215,382
216,509
216,548
216,944
216,983
216,179
216,716
216,311
216,860
216,359
216,48
216,83
216,824
216,625
216,715
216,590
216,197
216,580
217,681
217,281
217,386
217,137
217,478
217,475
217,929
217,65
217,939
217,728
217,157
217,747
218,60
218,931
218,473
218,121
218,619
218,191
218,964
218,984
219,276
219,752
219,45
219,905
219,671
219,446
219,6
219,715
219,399
219,777
219,546
219,706
219,696
219,67
219,506
219,135
219,536
219,569
219,509
219,526
220,420
220,538
220,133
220,80
220,108
221,752
221,303
221,73
221,223
221,269
221,437
221,674
221,193
221,640
221,11
221,818
221,408
221,463
221,459
221,349
221,949
221,594
221,344
221,502
222,374
222,560
222,244
222,48
223,440
223,769
224,163
224,403
224,777
224,555
224,884
224,130
224,164
224,695
224,177
224,700
224,520
224,224
224,600
224,221
224,917
225,527
225,297
225,877
225,395
225,853
225,630
225,991
226,413
226,651
226,511
226,673
226,299
226,937
226,718
226,439
226,790
227,538
227,950
227,549
227,231
227,836
228,640
228,316
228,885
228,826
228,286
228,176
228,617
228,685
228,318
228,652
228,287
228,195
228,579
229,945
229,964
229,482
229,384
229,257
229,530
229,496
230,47
230,513
230,629
230,71
230,356
230,916
230,445
230,603
230,735
230,823
230,738
230,108
230,80
230,808
230,760
230,814
230,392
230,6
230,493
231,864
231,454
231,376
231,182
231,336
231,513
231,547
231,524
231,900
231,372
231,100
232,484
232,341
232,72
232,204
232,944
232,369
232,778
232,532
232,943
232,686
232,805
232,479
232,747
232,931
232,924
232,473
232,151
233,627
233,46
233,806
233,785
233,877
234,5
234,411
234,140
234,945
234,854
234,617
234,490
234,186
234,558
235,477
235,856
235,853
235,879
235,914
235,960
235,779
235,460
235,108
235,18
235,623
235,172
236,460
236,407
236,780
236,260
236,189
236,347
236,728
236,14
236,455
236,157
236,463
236,981
236,140
236,518
236,663
236,171
236,470
237,239
237,150
237,893
237,204
237,216
237,327
237,648
237,318
237,861
237,351
237,958
237,120
238,669
238,715
238,663
239,916
239,359
239,991
240,913
240,410
240,205
240,451
240,591
240,96
240,234
240,27
240,123
240,529
240,65
240,560
240,68
241,247
241,902
241,482
241,641
241,193
241,36
241,732
241,113
241,542
241,779
241,885
241,150
241,494
241,630
241,888
241,22
241,952
242,219
242,814
242,15
242,10
242,654
242,246
242,780
242,749
242,334
242,923
242,141
242,995
242,164
242,314
242,786
242,527
242,709
242,6
242,852
242,597
243,605
243,768
243,188
244,601
244,974
244,916
244,68
244,271
244,393
244,33
244,398
244,84
244,561
244,710
244,501
244,476
245,242
245,950
245,81
245,30
246,664
246,701
246,260
246,879
246,492
246,771
246,349
246,500
246,303
246,831
247,914
247,358
247,412
247,877
247,734
247,714
247,350
247,689
247,671
247,455
247,751
247,23
248,738
248,724
249,386
249,197
249,752
249,121
249,455
249,332
249,130
249,379
249,510
249,570
249,830
249,590
249,260
249,557
249,79
249,407
249,569
249,554
249,52
249,390
250,445
250,92
250,650
250,254
250,967
250,133
250,953
250,197
250,727
250,631
250,615
250,212
250,60
250,897
250,950
250,295
250,499
250,512
251,460
251,996
251,693
251,417
251,51
251,357
251,86
251,519
251,975
251,323
251,40
252,389
252,428
252,269
252,953
252,547
252,330
252,94
252,514
252,513
252,54
252,104
252,225
252,979
252,819
253,712
253,999
253,74
253,856
253,860
253,952
253,34
253,487
253,35
253,531
254,747
254,868
254,892
254,841
254,120
254,209
254,426
254,666
254,333
254,629
254,751
254,58
254,82
254,659
254,486
254,745
254,496
254,906
255,800
255,850
255,651
255,491
255,511
255,86
255,889
255,504
255,275
255,768
255,341
255,918
255,722
256,309
256,262
257,246
257,489
257,852
257,154
257,360
257,29
257,859
257,625
257,59
257,867
257,736
257,637
257,352
257,632
257,595
257,552
258,603
258,618
258,588
258,56
258,930
258,312
258,832
259,610
259,321
259,429
259,972
259,822
259,538
259,543
259,197
259,280
259,778
259,556
259,354
259,857
260,756
260,479
260,668
260,219
260,263
260,16
260,421
260,946
260,926
260,636
261,440
261,568
261,837
261,448
261,377
261,658
262,570
262,203
262,483
262,525
262,225
263,19
263,33
263,883
263,448
263,28
263,127
263,568
263,651
263,26
264,489
264,597
264,40
264,136
264,118
264,270
265,381
265,348
265,408
265,239
265,421
266,125
266,842
266,3
266,195
266,690
266,647
266,723
266,75
266,752
266,306
266,520
266,650
266,492
266,307
266,453
266,561
266,258
267,289
267,190
267,965
267,662
268,76
268,767
268,324
268,38
268,484
268,90
268,475
268,570
268,6
268,684
268,270
268,685
268,874
268,864
268,471
268,624
268,25
269,97
269,451
269,244
269,372
269,635
269,410
269,701
269,731
269,20
270,56
270,46
270,475
270,238
270,612
270,490
270,194
270,463
270,643
270,623
270,38
270,782
270,720
270,590
271,373
271,860
271,159
271,391
271,644
271,866
271,893
271,168
271,77
272,654
272,760
272,111
272,774
272,743
272,593
272,740
272,391
272,692
272,627
272,490
272,650
273,78
273,61
273,371
273,525
273,234
273,887
274,975
274,117
274,331
274,765
274,297
275,558
275,312
275,119
275,463
275,704
275,473
275,990
276,931
276,785
276,604
276,519
276,55
276,870
276,864
276,240
277,760
277,255
277,433
277,561
277,372
277,454
277,629
277,874
277,135
277,954
277,728
277,905
277,111
277,133
277,940
277,306
277,242
277,520
278,31
278,23
278,458
278,445
278,481
279,442
279,457
279,973
279,494
279,897
279,818
279,310
279,346
279,56
279,976
279,333
279,459
279,221
279,781
279,901
279,956
280,544
280,95
280,591
280,98
280,888
280,438
280,405
280,10
280,724
280,735
280,905
280,761
280,920
280,866
281,32
281,433
281,297
281,486
281,429
281,94
281,637
281,413
281,625
281,315
281,109
281,765
281,596
281,418
281,119
281,918
282,771
282,575
282,436
282,733
283,708
283,918
283,601
283,845
283,181
283,658
283,844
284,676
284,741
284,701
284,207
284,127
284,481
284,388
284,435
284,827
284,176
284,304
284,986
284,413
284,466
284,502
285,891
285,774
286,683
286,592
286,768
286,633
286,104
286,318
286,697
286,471
286,517
286,945
286,331
286,7
287,630
287,979
287,492
287,501
288,517
288,463
288,689
288,429
288,502
288,305
289,990
289,849
289,200
289,455
289,656
290,296
290,437
290,185
290,263
290,197
290,157
290,584
290,808
290,865
290,980
290,789
290,241
290,425
290,533
290,290
290,320
290,576
290,748
290,975
291,192
291,603
291,42
291,269
291,168
291,790
291,812
291,83
291,55
291,918
291,822
291,422
291,339
291,796
291,864
291,948
291,65
291,533
291,528
291,127
292,918
292,136
292,338
292,522
292,359
292,990
292,478
292,853
292,62
292,282
292,105
292,615
292,303
292,889
292,782
292,630
292,415
293,759
293,413
293,432
293,65
293,541
293,342
294,575
294,829
294,315
294,755
294,913
294,702
294,603
294,467
294,919
294,119
294,993
294,355
294,41
294,590
294,275
294,961
294,741
294,717
295,729
295,227
295,559
295,269
295,688
295,505
295,249
296,239
296,939
296,280
296,337
296,585
297,918
297,353
297,568
297,922
297,256
297,216
297,309
297,570
297,463
297,963
297,727
297,627
298,472
298,148
298,261
298,132
298,8
298,837
298,237
298,889
298,913
298,724
298,211
298,37
298,245
298,495
298,287
299,996
299,220
299,68
299,226
299,175
299,634
299,696
299,239
299,856
299,977
299,780
299,410
299,211
299,387
299,183
299,392
300,656
300,858
300,100
300,449
300,491
300,221
300,35
300,968
300,334
300,162
301,622
301,756
301,786
301,182
301,584
302,663
302,473
302,26
302,634
302,828
302,775
302,266
302,491
302,695
302,497
302,117
302,583
302,164
303,978
303,802
303,584
303,303
303,448
303,441
303,676
303,121
303,677
303,101
303,65
303,17
303,924
303,347
303,22
304,995
304,709
305,877
305,480
305,793
306,566
306,331
306,716
306,734
306,793
306,921
306,190
306,440
306,46
306,616
306,368
307,352
307,528
307,273
307,635
307,473
307,650
307,132
307,186
307,806
307,302
308,404
308,700
308,872
308,665
308,89
308,993
308,140
308,613
308,192
308,907
308,507
309,621
309,469
309,661
309,624
309,89
309,344
310,739
310,391
310,631
310,602
310,970
310,155
310,827
310,624
310,975
310,770
310,750
311,795
311,498
311,313
311,735
311,542
311,302
312,959
312,98
312,768
312,860
312,453
313,365
313,192
313,225
313,119
313,407
313,636
313,564
313,951
313,502
313,60
313,72
313,541
314,999
314,119
314,3
314,307
314,789
314,835
314,890
314,367
314,827
314,589
315,161
315,989
315,658
315,384
315,162
315,308
315,474
315,190
315,787
315,706
315,916
315,609
316,222
316,654
316,410
316,103
316,792
316,58
316,973
316,289
316,75
316,531
316,433
316,477
316,854
316,600
316,615
316,890
316,336
316,261
316,989
316,813
317,87
317,343
318,626
318,735
318,710
318,495
318,93
318,249
318,457
318,559
318,981
318,44
319,361
319,367
319,598
319,863
319,434
319,39
319,884
319,600
320,495
320,496
320,626
320,323
320,485
320,964
320,628
320,502
320,308
320,224
320,471
320,672
320,740
320,708
320,761
320,525
320,653
320,59
320,743
321,970
321,757
321,79
321,92
321,742
321,181
321,63
321,698
321,69
321,522
321,18
321,664
321,890
322,124
322,540
322,183
322,186
322,541
322,795
322,99
322,629
322,735
322,835
322,656
322,781
322,326
322,579
322,180
322,581
322,842
323,932
323,785
323,145
323,274
323,975
324,1
324,206
324,855
324,196
324,534
325,779
325,550
325,114
325,734
325,297
325,642
325,309
326,719
326,312
326,839
326,492
326,122
326,311
326,764
326,712
326,432
326,129
326,880
326,310
327,82
327,671
327,197
327,843
327,489
327,718
327,707
327,406
327,905
327,295
327,341
327,128
327,771
327,676
327,335
327,383
328,591
328,850
329,261
329,646
329,344
329,451
329,485
329,795
330,678
330,887
330,439
330,540
330,915
330,490
330,972
330,180
330,820
330,899
330,21
330,473
330,856
330,519
330,328
330,567
330,231
331,314
331,731
331,278
331,95
331,202
331,163
331,509
331,840
331,302
331,101
331,408
331,732
332,65
332,436
332,975
332,743
333,574
333,449
333,440
333,913
333,576
333,165
333,631
333,36
333,890
333,253
333,71
333,837
333,136
333,926
334,107
334,428
334,58
334,325
334,554
334,379
334,260
334,356
334,111
334,126
334,230
334,28
334,561
334,34
334,951
334,817
334,304
335,224
335,870
335,237
335,500
335,670
335,823
335,814
335,162
336,910
336,572
336,341
336,644
336,879
336,992
336,14
337,593
337,929
337,216
337,361
337,990
337,489
337,495
337,733
337,830
337,805
337,451
337,323
337,306
337,2
337,6
337,176
337,740
337,98
337,401
338,639
338,599
338,925
338,299
338,392
338,96
338,504
338,571
339,812
339,282
339,216
339,608
339,466
339,145
339,36
339,870
339,741
339,109
339,391
339,240
339,513
339,22
339,346
340,733
340,474
340,413
340,998
340,608
340,349
340,574
340,136
340,724
340,4
340,336
340,352
340,232
341,769
341,533
341,172
341,140
341,929
341,938
341,526
341,449
341,213
341,6
341,429
341,230
341,693
342,732
342,302
342,207
342,709
342,387
342,100
343,552
343,790
343,430
343,579
343,813
343,418
343,435
343,671
343,926
343,279
343,395
343,769
344,507
344,315
344,156
344,553
344,835
344,927
344,260
344,578
344,49
344,997
344,432
344,634
344,710
344,649
345,413
345,917
346,967
346,479
346,580
346,887
346,767
346,661
346,363
346,591
346,140
346,859
346,785
347,987
347,917
347,443
347,995
347,172
347,809
348,608
348,753
348,983
348,794
348,229
348,31
348,434
348,979
348,585
348,269
348,242
348,480
348,267
348,611
348,692
348,887
348,87
349,58
349,45
349,185
349,388
349,507
349,253
349,937
349,855
349,473
349,413
349,392
349,187
349,318
349,292
349,41
349,300
350,917
350,786
350,976
350,122
351,749
351,718
351,858
351,943
351,623
351,77
351,944
351,846
352,149
352,978
352,716
352,595
352,202
352,120
352,385
352,713
352,807
352,176
352,865
352,306
352,634
352,566
352,269
352,615
352,263
353,411
353,792
353,112
353,391
353,980
353,466
354,395
354,108
354,942
354,792
354,864
354,953
354,514
354,511
354,905
354,799
354,346
355,222
355,336
355,112
355,557
355,702
355,347
355,28
356,810
356,355
356,315
356,957
356,137
356,148
356,430
356,546
356,976
356,11
356,366
357,300
357,341
357,813
358,124
358,318
358,675
358,765
358,180
358,486
358,861
358,26
358,850
358,321
358,365
358,169
358,266
358,775
358,206
358,279
358,19
358,844
358,378
358,922
359,842
359,33
359,794
359,781
359,518
359,126
359,632
359,128
359,243
360,820
360,250
361,716
361,251
361,783
361,546
361,974
361,79
361,530
361,587
361,110
361,933
361,570
361,520
361,133
361,414
361,605
361,810
361,911
361,208
361,804
362,584
362,11
362,542
362,131
362,233
362,69
362,427
362,576
362,440
362,535
362,192
362,587
363,779
363,410
363,76
363,425
363,327
363,637
363,908
363,630
363,887
363,203
363,621
363,293
363,309
363,250
364,249
364,290
364,913
364,449
364,37
365,860
365,275
365,605
365,658
365,406
365,29
365,579
365,60
365,589
365,246
365,441
365,85
365,861
365,466
365,583
365,65
366,672
366,980
366,942
366,863
366,939
366,141
366,459
366,948
366,268
367,342
367,520
367,138
367,855
367,987
367,973
367,7
367,497
367,878
368,702
368,637
368,764
368,905
368,563
368,860
368,940
368,959
368,359
368,692
368,93
368,179
368,770
369,353
369,70
369,718
369,801
369,53
369,956
369,512
369,963
369,249
369,708
370,563
370,24
370,197
370,818
370,299
370,156
370,692
370,36
370,594
370,310
370,726
370,213
370,600
370,527
370,991
371,712
371,233
372,162
372,472
372,536
372,513
372,4
372,726
372,478
372,130
372,323
372,687
372,373
372,301
372,67
372,679
372,467
372,825
373,788
373,953
374,846
374,811
374,577
374,874
374,152
374,679
374,269
374,124
374,278
374,557
374,519
374,929
374,392
374,813
374,818
374,446
375,539
375,581
375,648
375,988
375,453
375,451
375,585
375,290
375,599
375,976
375,679
375,141
375,480
375,841
375,920
375,495
375,834
376,595
376,484
376,696
376,187
376,653
376,412
376,710
376,316
376,342
376,724
376,283
377,308
377,422
377,489
377,635
377,754
377,947
377,901
377,252
377,233
377,177
377,642
377,197
377,493
377,212
377,502
378,527
378,71
378,23
378,205
378,832
378,272
378,810
378,180
378,758
378,798
378,593
378,566
378,224
379,393
379,942
379,273
379,107
379,597
379,709
379,952
379,84
379,546
379,340
379,355
379,527
379,17
379,339
379,927
379,830
379,544
379,404
380,887
380,920
380,676
380,517
380,235
380,233
380,238
380,199
381,864
381,579
381,612
381,205
381,816
381,510
381,818
381,252
382,939
382,688
382,631
382,845
382,58
382,104
383,873
383,566
383,495
383,852
383,224
383,377
383,835
383,832
383,483
383,789
383,98
384,35
384,578
384,155
384,959
384,851
384,18
385,722
385,730
385,287
385,37
385,568
385,591
385,864
386,159
386,248
386,203
386,765
386,651
386,278
386,579
387,131
387,623
387,631
387,597
387,739
387,195
387,12
387,682
387,360
387,513
387,13
387,120
387,964
387,115
387,544
387,5
387,402
388,797
388,492
388,50
388,123
388,950
388,537
388,613
388,540
388,991
388,43
388,793
388,343
389,74
389,644
389,224
389,25
390,675
390,280
390,240
390,858
390,515
390,340
390,674
390,716
390,771
390,283
390,763
390,54
391,101
391,535
391,318
391,23
391,462
391,480
391,239
391,890
391,950
391,376
391,711
391,846
391,687
391,777
391,220
391,123
391,858
391,958
391,894
392,750
392,379
392,235
392,245
392,114
392,952
392,322
392,248
392,430
392,207
392,713
392,155
392,425
392,6
392,169
393,140
393,403
393,197
393,718
393,196
394,812
394,275
394,44
394,858
394,237
394,672
395,470
395,93
395,345
395,509
395,921
396,374
396,936
396,822
397,410
397,83
397,235
397,668
397,728
397,207
397,137
398,848
398,106
398,421
398,776
398,120
398,302
398,81
398,879
398,633
398,651
398,959
398,546
398,141
398,681
398,324
398,588
398,611
398,954
399,943
399,6
399,172
399,676
399,586
399,135
399,359
399,72
399,548
399,155
399,113
399,976
399,147
399,89
399,963
399,181
399,326
400,937
400,450
400,383
400,733
400,980
401,657
401,55
401,255
401,828
401,153
401,184
401,345
401,570
401,617
402,934
402,67
402,396
402,745
403,794
403,792
403,643
403,17
403,51
403,909
403,697
403,319
403,191
403,634
403,411
403,635
403,752
403,762
403,492
403,653
404,29
404,804
404,782
404,870
404,885
404,5
404,783
404,187
404,884
404,306
404,65
404,876
404,819
404,370
405,688
405,464
405,791
405,635
405,981
405,352
405,805
406,384
406,146
406,195
406,247
406,952
406,933
406,987
406,575
406,970
406,99
406,906
406,901
406,616
406,922
406,711
406,634
406,465
406,930
407,555
407,320
407,153
407,90
407,394
407,996
407,353
407,621
407,667
407,952
407,493
407,539
407,501
407,36
407,612
407,92
407,576
408,270
408,797
408,679
408,172
409,542
409,923
409,521
409,809
409,505
409,790
409,153
409,857
409,604
409,84
409,656
409,245
409,653
410,731
410,207
410,215
410,661
410,577
410,849
410,780
410,386
411,460
411,741
411,797
411,477
411,130
411,325
411,781
411,382
411,400
411,755
411,40
411,835
411,236
411,345
411,181
411,795
412,774
412,605
412,322
412,14
412,515
412,440
412,993
412,697
412,987
412,20
412,669
412,464
412,973
412,720
413,647
413,855
413,212
413,466
413,316
413,921
413,838
413,295
413,885
413,225
413,554
413,545
413,1
413,539
413,789
413,896
413,231
413,848
414,621
414,851
414,473
414,192
414,156
414,786
414,537
414,521
414,538
414,968
414,181
414,956
414,224
414,83
415,444
415,90
415,714
415,804
415,136
415,75
416,589
416,557
416,620
416,753
416,894
416,152
416,283
416,324
416,812
416,583
416,236
416,949
416,346
416,986
416,696
416,485
417,162
417,436
417,813
417,787
417,51
417,852
417,753
417,238
417,228
417,139
417,469
417,394
417,363
417,386
417,73
417,605
417,932
417,356
417,596
417,830
418,621
418,126
418,908
418,796
418,285
418,5
418,338
418,756
419,791
419,397
419,407
419,896
419,426
419,183
419,507
419,651
419,169
419,50
419,288
419,960
419,230
419,305
420,988
420,246
420,353
420,406
420,694
420,157
420,68
420,818
420,140
420,981
420,162
420,277
420,163
420,324
420,65
420,175
420,561
420,9
420,574
421,745
421,961
421,994
421,45
421,410
421,338
421,188
421,782
421,545
421,781
421,791
422,280
422,756
422,371
422,375
422,914
422,447
422,871
422,211
422,272
422,317
422,845
422,836
422,817
422,659
422,982
422,745
422,534
422,834
422,268
422,249
423,501
423,473
423,872
423,584
423,341
423,1
423,606
423,291
423,301
423,175
423,568
423,413
423,688
423,380
423,121
423,375
423,745
424,566
424,538
424,67
424,641
424,935
424,465
424,701
424,565
424,100
424,983
424,362
424,313
424,913
424,77
424,195
424,108
425,785
425,443
425,253
425,629
425,709
425,85
425,746
425,806
425,243
425,272
425,556
425,683
425,884
425,640
425,545
426,429
426,392
426,690
426,779
426,842
426,996
426,535
426,551
426,879
426,503
426,907
426,840
426,570
426,183
426,235
426,236
426,328
426,123
426,737
426,945
427,396
427,260
427,703
427,800
427,917
427,849
427,316
427,942
427,71
427,816
427,992
427,979
427,161
427,430
427,500
428,677
428,404
428,305
428,906
428,640
428,506
428,343
428,324
429,400
429,624
429,790
429,431
429,786
429,404
429,291
429,69
429,835
430,258
430,935
430,602
430,528
430,561
430,628
430,738
430,729
430,420
430,165
430,231
430,375
431,117
431,636
431,901
431,236
431,489
431,329
431,169
431,460
431,378
432,600
432,766
432,552
432,131
432,47
432,222
432,499
432,78
432,479
432,427
432,903
432,583
432,130
432,891
432,196
433,534
433,467
434,672
434,947
434,250
434,964
434,340
434,451
434,140
434,923
434,480
434,9
434,791
434,94
434,635
434,812
434,640
434,466
434,962
435,684
435,892
435,953
435,776
435,745
435,164
435,42
435,547
436,590
436,675
436,285
436,325
436,476
436,835
436,830
436,305
436,895
436,751
436,721
436,792
436,194
436,654
436,637
436,881
436,543
437,906
437,858
437,767
437,346
437,552
437,553
438,711
438,437
438,631
438,477
439,994
439,939
439,173
439,565
439,48
439,272
439,996
439,461
439,581
439,270
439,543
439,622
439,875
439,100
439,442
439,807
439,897
439,801
439,934
439,116
440,867
440,809
441,225
441,488
441,865
441,443
441,842
441,252
441,743
442,223
442,304
442,591
442,145
442,341
442,335
442,725
442,53
442,419
442,702
442,978
442,463
442,323
442,221
442,43
442,283
442,31
442,86
442,678
443,127
443,848
443,519
443,693
443,52
443,943
443,553
443,72
443,573
443,21
443,485
443,234
443,466
444,7
444,764
445,219
445,4
445,205
445,796
445,623
445,337
445,445
445,170
445,792
445,317
445,876
445,260
445,699
445,199
445,682
445,10
445,210
445,262
445,943
446,240
446,476
446,118
446,629
446,170
446,921
446,300
446,438
446,82
446,777
446,58
446,275
447,984
447,223
447,40
447,281
447,742
447,340
447,19
447,631
447,282
447,740
447,960
447,766
447,56
448,808
448,164
448,948
448,950
448,725
448,411
448,28
448,444
448,540
448,361
448,852
448,494
448,583
448,609
448,282
448,321
448,30
448,354
448,459
449,752
449,753
449,769
449,984
449,59
449,848
449,959
449,763
450,914
450,719
450,512
450,827
450,182
450,732
450,47
450,118
450,774
450,853
450,911
450,277
450,656
450,154
450,241
450,463
450,665
451,419
451,571
451,178
451,639
451,350
451,311
451,354
451,664
451,715
451,104
451,736
451,692
452,892
452,763
452,20
452,565
452,808
452,733
452,730
452,320
452,824
452,936
452,32
453,881
453,442
453,573
453,210
453,591
453,25
453,369
453,894
453,452
453,517
453,544
453,191
453,929
453,122
453,50
453,525
453,993
453,707
453,419
453,896
454,796
454,644
454,975
454,407
454,869
454,708
454,472
454,152
455,635
455,846
456,522
456,821
456,993
457,804
457,835
457,182
457,420
457,76
457,743
457,335
457,900
457,606
457,62
457,607
457,688
457,487
458,354
458,373
458,425
458,701
458,294
458,689
458,286
458,494
459,271
459,110
459,999
459,17
459,917
459,967
459,699
459,550
459,744
459,769
459,827
459,47
459,350
459,982
459,718
459,313
459,474
459,684
459,630
460,849
460,574
460,97
460,621
460,204
460,364
460,409
460,202
460,487
460,486
460,927
460,860
460,141
461,639
461,590
461,305
461,968
461,597
461,419
462,705
462,712
462,212
462,181
462,833
462,926
462,568
462,687
462,967
462,804
462,686
462,936
462,159
462,228
462,737
462,909
462,291
462,795
462,954
462,220
463,655
463,326
463,240
463,549
463,285
463,125
463,795
463,969
463,621
463,383
463,908
463,800
463,787
463,904
464,201
464,842
465,454
465,229
465,515
465,459
465,457
465,25
465,952
465,145
465,570
465,308
465,718
465,987
465,211
465,126
465,192
465,12
465,989
466,451
466,943
466,450
466,202
466,790
466,352
466,562
466,986
466,383
466,922
466,860
467,362
467,251
467,620
467,45
467,781
467,394
467,610
467,140
468,832
468,194
468,690
468,321
468,873
468,633
468,358
468,25
468,344
468,90
468,652
468,49
469,162
469,296
469,236
469,222
469,785
469,25
469,451
469,153
469,491
469,226
469,530
470,443
470,998
470,256
470,375
470,389
470,241
471,659
471,302
471,855
471,974
471,415
471,419
471,834
471,348
471,625
471,667
471,23
472,303
472,716
472,464
472,457
472,385
472,828
472,331
472,272
472,31
472,621
472,307
472,226
472,4
472,839
472,718
472,892
472,417
473,863
473,331
473,4
473,791
473,175
473,790
473,862
473,325
473,153
474,896
474,122
474,815
474,853
474,515
475,306
475,103
475,273
475,597
475,806
476,409
476,941
476,621
476,917
476,142
476,835
476,435
476,864
477,649
477,181
477,396
477,893
477,1
477,821
477,6
477,564
477,954
477,357
477,943
477,105
477,355
477,946
477,36
477,134
477,229
477,253
477,622
478,436
478,369
478,681
479,573
479,254
479,905
479,675
479,623
479,863
479,85
479,928
479,275
479,505
479,972
479,340
479,891
479,663
480,554
480,462
480,680
480,199
480,321
480,559
480,453
480,88
480,296
480,218
480,30
480,720
480,704
480,460
480,518
481,632
481,267
481,111
482,112
482,364
482,494
483,288
483,84
484,836
484,22
484,55
484,195
484,208
484,815
485,766
485,644
485,356
485,449
485,305
485,827
485,982
485,681
485,637
485,990
485,4
485,30
485,431
486,172
486,497
486,247
486,181
486,119
486,686
486,753
486,900
486,397
486,1
486,735
486,264
486,709
487,450
487,54
487,218
487,934
487,844
487,723
487,307
487,349
487,581
487,483
487,629
487,188
487,149
487,225
488,896
488,146
488,59
488,877
488,338
488,807
488,297
488,742
488,268
488,390
488,764
489,29
489,324
489,897
489,166
489,420
489,690
489,854
489,87
489,5
489,717
489,196
489,185
489,930
489,200
489,618
489,464
489,286
489,403
489,447
489,1
490,224
490,106
490,922
490,757
491,189
491,102
491,867
491,910
491,237
491,417
491,582
491,31
491,25
491,666
491,932
491,60
491,260
491,180
491,313
491,305
491,757
491,158
491,196
491,519
492,832
492,208
492,910
492,859
492,893
493,963
493,42
493,655
493,523
493,118
494,822
494,57
494,55
495,147
495,885
495,647
495,677
496,322
496,733
496,110
496,641
496,22
496,607
496,910
497,897
497,332
497,307
497,599
497,981
497,44
497,885
497,666
497,325
497,793
498,579
498,38
498,179
498,37
498,791
498,273
498,504
498,732
498,407
498,910
498,553
498,55
499,253
499,594
499,743
499,949
499,46
499,526
499,846
499,689
499,359
499,340
499,175
499,92
499,76
499,557
499,252
499,873
499,247
499,384
499,400
499,21
500,270
500,405
500,755
501,569
501,449
501,942
501,267
501,790
501,103
501,164
501,858
501,977
501,241
501,940
501,744
501,662
501,795
501,39
501,594
502,533
502,283
502,432
502,605
502,133
502,816
502,731
502,374
502,230
502,625
503,147
503,554
503,803
503,577
503,348
503,67
503,687
503,947
503,503
503,149
503,205
504,180
504,844
504,154
504,218
504,968
504,255
504,755
504,690
504,245
504,375
504,229
504,343
504,824
504,830
504,899
504,675
504,561
504,653
505,258
505,59
505,162
505,638
505,889
505,705
505,222
505,38
505,791
505,675
505,173
505,28
506,799
506,487
506,525
506,98
506,67
506,911
506,958
506,916
506,1
506,173
506,615
506,379
506,450
507,376
507,585
507,398
507,284
507,896
507,144
507,524
507,666
507,724
507,125
507,374
507,620
507,151
507,414
507,224
507,234
507,428
508,193
508,351
508,848
508,369
508,32
508,836
508,862
508,674
508,514
508,872
508,748
508,644
508,981
509,969
509,276
509,513
509,553
509,624
509,468
509,689
510,535
510,573
510,658
510,404
510,437
510,414
510,676
510,8
510,507
510,454
510,518
510,796
511,905
511,24
511,690
511,969
511,435
511,866
511,986
511,105
511,109
511,85
511,406
511,111
511,613
511,164
511,319
511,519
511,481
512,408
512,59
512,8
513,260
513,299
513,789
513,516
513,904
513,891
513,636
513,304
513,917
513,608
513,691
513,551
513,838
513,552
514,251
514,795
515,460
515,865
516,821
516,320
516,836
516,117
516,694
516,294
516,635
517,474
517,975
517,206
517,620
517,457
517,567
517,67
517,314
518,53
518,127
518,906
518,638
518,845
518,961
519,903
519,85
519,766
519,260
520,100
520,416
520,540
520,8
520,810
520,22
520,916
520,654
520,484
520,577
521,837
521,601
522,850
522,298
522,733
522,914
522,287
522,90
522,101
522,492
522,593
522,360
522,775
522,96
522,63
522,342
523,213
523,600
523,668
523,101
523,349
523,711
523,553
523,794
523,584
523,116
523,489
523,691
523,236
523,233
524,795
524,828
524,798
524,144
524,84
524,799
524,573
524,786
524,255
524,640
524,20
524,529
524,466
524,28
524,731
524,442
524,139
524,168
524,298
525,425
525,399
525,938
525,219
525,106
525,462
525,521
525,624
525,802
525,977
525,959
526,110
526,962
526,586
526,314
526,871
526,154
526,462
526,712
526,907
526,394
527,554
527,155
527,64
527,366
527,771
527,591
527,820
527,161
527,559
527,930
527,670
527,894
527,474
527,208
527,151
527,35
527,684
527,704
528,514
528,557
528,349
528,201
528,282
528,803
528,197
528,27
528,234
528,276
528,430
528,410
528,470
528,847
528,833
528,50
528,425
528,498
528,42
528,246
529,498
529,383
529,1
529,487
529,956
529,757
529,37
529,305
529,992
529,416
529,669
529,248
529,737
529,900
529,850
529,886
530,215
530,725
530,979
530,727
531,954
531,71
532,120
532,694
532,837
532,993
532,868
533,385
533,967
534,888
534,276
534,54
534,347
534,864
534,364
534,594
534,780
534,578
534,609
534,44
534,117
534,646
534,603
534,657
534,303
534,151
535,799
535,508
535,722
535,543
535,858
536,684
536,883
536,53
536,768
536,700
536,76
536,907
536,604
536,517
537,861
537,698
537,921
537,837
538,393
538,340
538,238
538,139
538,29
538,842
538,472
538,734
538,293
538,394
538,22
538,938
538,262
539,950
539,417
539,907
540,265
540,338
540,734
540,696
540,110
540,632
540,82
540,96
540,991
540,840
540,247
541,364
541,559
541,813
541,848
541,804
541,7
541,416
541,229
541,538
541,507
541,999
541,355
542,813
542,480
542,576
542,892
542,916
542,751
542,99
542,47
542,566
542,513
542,269
542,639
542,874
542,757
542,435
543,833
543,254
543,571
543,17
544,647
544,110
544,178
544,967
544,77
544,9
544,400
544,527
544,710
544,591
544,822
544,669
544,231
545,133
545,235
545,730
545,681
545,889
545,735
545,243
545,864
545,540
545,155
545,997
546,130
546,563
546,689
546,299
547,268
547,649
547,467
547,508
547,23
547,936
547,662
547,187
547,59
547,676
547,47
547,433
547,165
547,249
547,950
547,131
548,104
548,127
548,997
548,485
548,45
548,872
548,441
548,464
548,115
548,137
548,23
548,543
548,177
548,929
548,63
549,553
549,576
549,189
549,259
550,193
550,484
550,701
550,74
550,807
550,128
550,752
550,966
551,963
551,822
551,443
551,935
551,669
551,325
551,770
552,11
552,132
552,109
552,206
552,369
552,187
552,272
552,990
552,154
552,266
552,581
552,978
553,967
553,829
553,46
553,280
553,984
553,659
553,69
553,812
554,565
554,334
554,624
554,390
554,262
554,228
554,434
554,426
554,569
555,777
555,792
555,249
555,353
555,9
555,138
555,819
555,45
555,195
555,320
555,436
555,926
555,210
555,442
555,677
556,175
556,879
556,381
556,337
556,753
556,136
556,264
556,916
556,706
556,835
556,68
556,78
556,389
556,127
556,744
557,530
557,386
557,670
557,507
557,694
557,858
557,624
557,29
557,194
557,755
557,209
557,604
557,618
557,41
557,413
557,338
558,711
558,133
558,432
558,445
558,484
558,778
558,498
559,986
559,58
559,258
559,533
559,756
559,659
559,560
559,949
559,717
559,621
559,397
559,837
559,766
559,975
559,876
559,3
559,658
559,542
559,865
560,291
560,927
560,668
560,424
560,951
560,824
560,648
560,517
560,496
560,884
560,189
560,218
560,567
560,841
560,157
561,398
561,211
561,109
561,530
561,98
561,545
561,88
561,633
561,709
561,736
561,42
561,57
561,19
561,922
561,773
561,956
561,278
561,224
561,671
562,32
562,603
562,633
562,547
562,638
562,949
562,478
562,903
562,335
562,103
562,444
562,180
562,354
563,885
563,568
563,418
563,95
563,624
564,392
564,726
565,153
565,986
565,622
565,570
565,802
565,974
565,507
565,328
565,792
565,131
566,332
566,200
566,686
566,712
566,694
566,802
567,644
567,995
567,491
567,239
567,979
567,597
567,848
567,175
567,317
567,536
567,788
567,768
567,20
567,782
567,315
567,930
567,477
567,934
567,154
567,851
568,340
568,68
568,898
568,187
568,563
568,405
568,308
568,790
569,451
569,273
569,947
569,946
569,133
569,522
569,970
569,186
569,944
569,270
569,106
569,205
570,913
570,123
570,518
570,437
570,521
570,184
570,654
570,86
570,497
570,535
570,523
570,494
570,885
570,115
570,254
570,461
570,579
570,365
570,170
571,598
571,359
571,428
571,77
571,903
571,612
571,615
571,695
571,129
571,640
571,794
571,750
571,927
571,482
571,762
571,954
571,69
571,697
571,660
571,330
572,884
572,848
572,815
572,837
572,151
572,97
572,453
572,172
572,259
572,972
572,591
572,524
572,840
572,212
572,639
572,102
573,1
573,485
573,493
573,181
573,403
573,274
573,645
573,866
573,718
573,297
573,570
573,587
573,48
573,28
573,780
573,6
574,319
574,278
574,218
574,694
574,68
574,601
574,80
574,887
574,766
575,144
575,697
575,313
575,294
575,936
575,565
575,341
575,445
575,117
575,207
575,819
575,446
575,805
575,640
576,786
576,822
576,149
576,475
576,245
576,260
576,741
576,378
576,357
576,760
576,18
576,410
576,748
576,421
576,301
576,211
576,541
576,233
577,780
577,410
578,784
578,842
578,350
578,569
578,544
578,419
578,543
578,348
578,244
578,323
578,623
578,849
578,151
578,354
579,448
579,411
580,836
580,230
580,738
580,830
580,834
580,254
580,177
580,31
580,862
580,825
580,653
580,289
580,545
581,998
581,287
582,572
582,203
582,556
582,410
582,281
582,211
582,313
582,436
582,539
582,810
582,996
582,898
582,514
582,665
582,820
582,271
582,3
582,316
583,894
583,183
583,320
583,213
583,663
583,330
583,121
583,826
584,350
584,284
584,909
584,818
585,428
585,726
585,887
586,585
586,785
586,312
586,592
586,624
587,202
587,162
587,921
587,692
587,901
587,588
587,207
587,28
587,867
587,101
587,73
587,833
587,720
587,805
587,114
587,118
587,532
587,674
588,494
588,349
588,207
588,732
588,124
588,806
588,446
588,196
588,240
588,463
589,176
589,258
589,604
589,247
589,222
589,815
589,254
589,533
589,575
589,676
589,732
590,449
590,285
590,854
590,455
590,749
590,308
590,493
590,135
590,648
590,369
590,433
590,13
590,209
590,704
590,822
590,139
590,959
590,559
591,562
591,796
591,93
592,505
592,305
592,44
592,537
592,341
592,624
592,523
592,615
592,372
592,661
592,543
592,356
592,683
592,583
593,812
593,841
593,389
593,992
593,775
593,856
593,227
593,548
593,344
594,4
594,957
594,154
594,767
594,175
594,571
594,100
594,101
594,636
594,714
594,253
594,662
594,604
594,512
594,808
594,892
594,623
595,738
595,897
595,765
595,785
595,682
595,272
595,924
595,162
595,836
595,864
595,598
595,528
595,974
595,23
595,861
595,538
595,275
595,818
595,323
595,955
596,665
596,293
596,470
597,205
597,544
597,846
597,136
597,193
597,14
597,733
597,958
597,783
597,569
597,432
597,511
597,294
598,733
598,854
599,510
599,209
599,616
599,218
599,279
599,941
599,172
599,805
599,200
599,9
599,71
599,219
599,245
599,6
599,769
599,952
600,65
600,477
600,175
601,295
601,379
602,621
602,105
602,270
602,751
602,780
602,259
602,283
602,88
602,104
602,292
602,752
602,466
603,349
603,731
604,460
604,644
604,347
604,112
604,113
604,79
604,16
604,550
604,396
604,466
604,100
604,360
604,127
604,904
604,825
605,996
605,557
605,731
605,113
605,214
605,298
605,843
605,874
605,782
606,97
606,860
606,265
606,169
606,480
606,427
606,499
607,593
607,632
607,986
607,641
607,775
607,19
607,994
607,953
607,584
607,780
607,391
607,199
608,613
608,388
608,113
608,133
608,854
608,488
608,155
608,932
608,72
608,369
608,521
608,986
608,910
608,711
608,691
608,655
608,25
608,746
608,505
609,845
609,815
609,240
610,312
610,934
610,344
610,182
610,274
610,374
610,445
610,205
611,85
611,948
611,899
611,522
611,884
611,284
611,703
611,310
611,762
611,977
611,159
611,686
611,130
611,645
612,939
612,427
613,902
613,9
613,334
613,695
613,782
613,917
613,998
613,761
613,342
613,680
613,505
613,87
613,655
614,959
614,807
614,748
614,102
614,149
614,426
614,234
615,369
615,969
615,188
615,228
615,960
615,965
615,365
615,122
615,571
615,382
615,963
615,984
615,577
615,321
616,945
616,177
616,312
616,226
616,874
616,535
616,522
616,864
616,576
616,373
616,471
616,23
617,423
617,824
617,879
617,76
617,704
617,545
617,218
617,981
617,60
617,410
617,378
618,232
618,708
619,853
619,647
619,459
619,989
619,317
619,379
619,376
619,709
619,482
619,863
619,529
619,269
619,835
619,270
619,422
619,229
619,461
619,54
619,316
619,935
620,119
620,546
620,512
620,592
621,371
621,832
621,712
621,557
621,799
621,733
621,415
622,629
622,849
622,836
622,903
622,900
622,842
622,958
622,151
622,691
622,371
622,818
622,621
622,528
622,555
623,156
623,855
623,369
623,495
623,167
623,55
623,427
623,488
623,524
623,322
623,3
623,265
623,45
623,991
623,982
623,334
623,718
623,799
624,408
624,447
624,321
624,40
624,629
624,168
624,350
624,616
624,880
624,831
624,320
624,989
624,912
624,811
624,852
624,145
624,372
624,384
625,408
625,451
625,365
625,614
625,536
625,177
625,3
625,279
625,666
625,302
625,730
625,805
625,979
626,817
626,520
626,52
626,733
626,340
626,319
626,848
626,788
626,937
626,415
626,50
626,31
626,395
626,426
626,105
626,625
626,61
626,934
626,779
626,723
627,480
627,31
627,113
627,252
627,574
627,582
627,810
627,378
627,396
627,221
627,311
627,723
627,324
627,291
627,906
627,32
627,859
627,433
628,150
628,366
628,481
628,387
628,493
628,810
628,457
628,544
628,24
628,915
628,806
628,627
628,916
628,596
628,989
628,795
629,944
629,253
629,442
629,490
629,521
629,972
629,551
630,252
630,616
630,189
630,933
630,956
630,368
630,163
631,210
631,582
631,715
631,423
631,174
631,644
632,758
632,788
633,402
633,133
633,311
633,979
633,727
633,637
633,604
633,596
634,449
634,432
634,399
634,119
634,235
634,619
634,774
634,719
634,673
634,683
634,212
634,37
634,730
634,353
634,186
634,699
635,903
635,294
635,884
635,563
635,36
635,37
635,998
635,698
635,825
635,783
635,202
636,722
636,762
636,532
636,145
636,914
636,344
636,57
636,65
636,978
636,220
636,908
636,449
636,461
636,613
636,894
636,607
637,339
637,939
637,844
637,681
637,505
638,792
638,472
638,603
638,638
638,593
638,682
638,835
639,224
639,771
640,654
640,990
640,218
640,230
640,876
640,956
640,213
640,236
640,484
640,420
640,124
640,718
640,808
640,676
640,984
640,618
640,417
640,854
640,259
641,71
641,87
641,423
641,594
641,190
641,394
641,964
641,777
641,52
641,740
641,994
641,980
641,568
641,975
641,707
642,442
642,118
642,857
642,990
642,38
642,748
642,513
642,666
642,864
642,566
642,966
642,98
642,900
642,429
642,584
642,232
642,231
642,175
643,968
643,69
644,29
644,31
644,947
644,349
644,817
645,967
645,856
645,773
645,418
645,978
645,620
645,751
645,107
645,506
645,444
645,763
645,512
645,805
645,283
645,37
645,563
645,116
645,687
646,125
646,324
646,725
646,610
646,123
646,440
646,533
646,107
646,993
646,480
646,999
646,539
646,703
646,952
646,850
647,453
647,114
647,141
647,136
647,634
647,640
647,45
647,112
647,941
647,413
647,43
647,304
647,552
647,310
648,290
648,650
648,923
648,315
648,884
649,800
649,849
649,165
649,535
649,461
649,105
649,958
649,373
649,76
649,939
649,401
649,1
649,8
649,890
649,215
649,22
649,475
649,80
649,71
649,949
650,549
650,558
651,370
651,161
651,941
651,50
651,366
651,142
651,272
651,488
651,845
651,676
651,127
651,800
652,563
652,167
652,783
652,896
652,779
652,91
652,996
652,753
652,256
652,617
652,97
652,70
652,76
652,67
652,723
652,988
653,444
653,952
653,208
653,105
653,484
653,232
653,535
654,218
654,149
654,439
654,936
654,69
654,238
654,495
654,331
654,212
654,762
654,527
654,393
654,83
654,828
654,136
654,613
655,379
655,796
655,881
655,551
655,217
655,812
655,174
655,258
655,965
655,515
655,997
655,29
655,951
656,53
656,641
656,861
656,992
656,185
656,689
656,724
656,914
656,220
656,965
656,79
657,669
657,719
657,406
657,490
657,744
657,154
657,761
657,663
657,592
657,785
657,904
657,381
657,436
657,830
657,147
658,15
658,184
658,236
658,889
658,337
658,906
658,507
658,692
658,886
658,388
659,789
659,508
659,135
659,367
659,651
659,714
659,439
659,185
659,141
659,923
659,428
659,995
660,229
660,999
660,470
660,117
660,201
660,556
660,350
660,490
660,818
660,802
660,163
660,65
660,353
661,716
661,651
661,523
661,965
661,793
661,673
661,114
661,122
661,759
661,929
661,33
661,568
661,242
661,104
661,40
661,58
661,508
662,962
662,250
662,722
663,182
663,994
663,138
663,518
663,649
663,349
663,635
663,607
663,229
663,787
663,572
663,763
663,786
663,393
663,157
663,544
663,371
663,88
663,995
663,273
664,378
664,737
664,328
664,469
664,896
664,336
664,77
664,48
664,152
664,591
664,276
664,688
664,543
664,294
664,596
664,196
665,18
665,649
665,963
665,188
665,75
665,540
665,719
665,326
665,286
665,952
665,593
665,606
665,866
666,959
666,360
666,286
666,138
666,355
666,633
667,77
667,726
667,204
667,690
667,39
667,744
667,323
667,658
667,78
667,762
667,583
668,860
668,645
669,936
669,828
669,904
669,906
669,697
670,879
670,611
670,200
670,92
670,328
670,198
670,975
670,246
670,551
670,361
670,365
670,134
670,497
670,855
670,221
670,452
670,142
670,362
670,154
670,165
671,739
671,75
671,309
671,505
671,942
671,722
671,897
672,846
672,303
672,247
672,991
672,407
672,899
672,657
672,601
672,925
673,249
673,690
673,291
673,658
673,705
673,862
673,943
673,480
674,989
674,690
674,816
674,194
674,226
674,429
674,218
674,369
674,667
674,764
674,440
675,744
675,29
675,725
675,564
675,520
675,134
675,35
675,686
675,370
675,822
675,962
675,619
676,591
676,112
676,928
676,486
676,431
677,471
677,775
677,592
677,728
677,419
677,332
677,120
677,516
677,464
677,442
677,713
677,788
677,160
677,304
677,519
677,282
677,717
678,38
678,150
678,411
678,18
678,608
678,465
678,308
678,842
678,436
678,908
679,431
679,923
679,446
679,569
679,808
679,687
679,863
679,112
679,321
679,669
679,676
679,608
679,126
679,763
679,874
680,806
680,74
680,689
680,811
680,628
680,337
680,708
680,775
680,957
680,531
680,248
680,388
681,701
681,63
681,99
681,986
681,125
681,858
681,801
681,994
681,301
681,326
681,456
681,4
681,843
681,220
681,78
681,681
681,226
682,468
682,404
682,282
682,595
682,405
682,460
682,55
682,538
682,487
682,957
682,463
682,921
683,411
683,577
683,832
683,794
683,971
683,822
683,967
683,475
683,525
683,53
683,308
684,687
684,554
684,704
684,20
684,709
684,366
684,200
684,843
684,528
684,439
685,626
685,152
685,471
685,15
685,146
685,903
685,614
685,944
685,706
685,704
685,122
685,780
685,474
685,628
685,741
685,145
685,16
686,485
686,177
686,925
686,457
686,302
686,544
686,642
686,546
686,39
686,373
686,939
686,211
686,424
686,850
686,381
686,234
686,143
686,338
686,8
686,303
687,63
687,973
687,655
687,754
687,923
687,618
687,856
687,538
687,184
687,554
687,962
687,210
687,983
687,358
687,79
687,246
687,380
687,258
687,434
687,680
688,499
688,795
688,963
688,475
688,998
688,439
688,387
688,580
688,814
688,497
688,175
688,534
689,573
689,578
689,783
689,426
689,85
689,755
689,830
689,368
689,201
689,587
689,289
689,805
689,552
689,549
689,43
689,422
689,2
689,715
690,39
690,91
691,544
691,228
691,77
691,927
691,814
692,293
692,28
692,252
692,476
692,838
692,288
692,70
692,755
693,972
693,456
693,876
693,796
693,312
693,428
693,878
693,597
693,145
693,511
693,169
693,836
693,896
693,281
693,508
693,908
694,384
694,561
694,105
694,508
694,396
694,62
694,352
694,261
694,137
694,57
694,527
694,551
694,139
695,699
695,690
695,510
695,390
695,781
695,111
695,637
695,335
695,140
695,555
695,138
695,647
695,816
695,287
695,664
695,746
695,498
695,378
696,52
696,890
696,894
696,688
696,7
696,768
696,345
696,41
696,972
696,1
696,516
696,779
697,978
697,716
697,139
697,859
697,721
697,393
697,427
697,287
697,619
697,361
697,747
698,756
698,623
699,114
699,169
699,810
699,165
699,501
699,90
699,612
699,611
699,763
699,861
699,210
699,399
699,330
699,549
700,738
700,24
700,933
700,256
700,288
700,348
700,875
700,777
700,941
700,583
700,71
700,440
701,106
701,307
701,325
701,266
701,829
701,624
701,538
701,241
701,565
701,474
701,662
701,202
701,129
701,522
701,138
702,678
702,946
702,454
702,322
702,635
702,174
703,71
703,147
703,792
703,153
703,380
703,230
703,962
703,568
703,376
704,51
704,471
704,700
704,718
704,42
704,595
704,511
704,972
704,363
704,593
704,649
704,209
704,896
704,863
704,612
704,9
705,290
705,279
705,51
705,556
705,183
705,661
705,278
705,627
705,467
705,322
705,965
705,226
705,119
705,995
705,865
705,860
705,534
705,836
705,352
705,966
706,700
706,128
706,518
706,233
706,715
706,357
706,486
706,17
706,916
707,652
707,862
707,262
707,247
707,222
707,228
707,375
707,625
707,356
707,867
707,601
707,700
707,779
707,771
707,159
707,509
708,247
708,810
708,816
708,379
708,543
708,253
708,160
708,679
708,42
708,432
708,724
708,169
708,13
709,684
709,88
709,906
709,358
709,551
709,783
709,15
709,790
709,978
709,720
709,743
709,594
709,450
709,900
709,231
709,110
709,104
709,723
709,862
709,982
710,586
710,812
710,557
710,383
710,379
710,85
710,122
711,249
711,86
711,544
711,184
711,182
711,148
711,359
711,50
711,485
711,46
711,137
711,552
711,818
711,368
711,153
711,495
711,223
711,835
711,800
711,71
712,606
712,382
712,161
712,260
712,41
712,810
712,399
712,897
712,883
713,978
713,515
713,933
713,616
713,242
713,892
713,697
713,478
713,290
714,850
714,700
714,698
714,127
714,77
714,277
714,858
714,198
714,155
714,251
714,98
714,942
714,810
714,932
714,722
714,320
714,48
714,86
714,536
715,270
715,740
715,819
715,869
715,400
715,91
715,88
715,120
715,705
715,316
715,735
715,759
715,259
715,647
715,753
715,898
716,548
716,792
716,342
716,856
716,644
716,423
716,789
716,282
716,969
717,819
717,798
717,185
717,171
717,241
717,26
717,843
717,642
717,585
717,567
717,176
717,793
717,302
717,70
717,230
717,686
717,859
717,811
717,638
717,483
718,944
718,797
718,454
718,546
718,692
718,260
718,359
718,740
718,702
718,135
718,641
718,830
719,30
719,689
719,354
719,465
719,820
719,320
719,101
719,566
719,489
719,525
719,756
719,915
719,555
719,274
719,6
719,206
719,792
720,793
720,372
721,720
721,923
721,147
721,251
721,752
721,114
721,946
721,945
721,825
721,71
721,313
721,510
721,283
721,546
721,12
721,739
721,151
722,451
722,149
722,175
722,905
722,734
722,587
722,655
722,371
722,462
722,917
722,555
722,915
722,762
722,717
722,741
722,618
722,370
722,157
723,918
723,670
723,363
723,105
723,661
723,625
723,472
723,704
723,787
723,707
723,259
723,98
723,455
723,121
723,409
723,705
723,694
723,88
723,468
724,946
724,705
724,708
724,89
724,517
724,68
724,401
724,136
724,410
724,811
724,619
724,497
724,341
724,488
724,606
725,858
725,743
725,243
725,299
725,248
725,989
725,807
725,426
725,295
725,672
725,231
726,677
726,17
726,541
726,308
726,293
726,200
726,140
726,927
726,835
726,726
726,912
726,681
726,80
727,824
727,728
727,199
727,463
727,838
727,669
727,454
727,42
727,300
727,298
727,406
727,94
727,440
727,268
727,74
727,412
727,12
727,308
727,63
727,185
728,829
728,368
728,969
728,905
728,507
728,240
728,885
728,386
728,4
728,594
728,529
728,485
728,942
728,693
728,803
728,233
728,839
728,913
728,815
729,976
729,945
729,990
729,620
729,964
729,184
729,928
729,187
729,462
729,860
729,602
729,533
729,388
729,154
729,983
729,783
729,819
729,412
730,409
730,604
730,848
730,311
730,845
730,117
730,547
730,872
730,138
730,947
730,853
731,321
731,149
731,413
731,335
731,678
731,966
731,626
731,766
731,221
731,771
731,583
731,805
731,694
731,831
732,227
732,294
732,203
732,570
732,686
732,40
732,359
733,717
733,438
733,256
733,150
733,272
733,766
733,820
733,522
733,843
733,881
733,20
733,545
733,660
733,932
733,910
733,683
734,481
734,287
734,891
734,877
734,681
734,197
734,173
734,766
734,655
734,372
734,71
734,423
734,272
734,81
734,320
734,868
734,721
735,189
735,232
735,820
735,56
735,818
735,175
735,320
735,14
735,13
735,634
735,646
735,206
735,882
736,172
736,604
736,95
736,537
736,800
736,919
736,666
736,550
737,92
737,423
737,131
738,872
738,685
738,702
738,916
738,36
739,360
739,338
740,72
740,410
740,146
740,387
740,973
740,618
740,611
740,300
740,560
740,446
740,781
740,157
740,947
740,431
740,564
741,902
741,727
741,662
741,222
741,993
741,591
741,512
741,106
741,992
741,807
741,770
741,157
741,393
742,306
742,668
742,656
742,514
742,173
742,431
742,673
742,365
742,567
742,467
742,874
743,799
743,279
743,49
743,924
743,310
743,203
743,922
743,559
744,770
744,83
744,917
744,630
744,476
744,161
744,552
744,399
744,33
744,855
745,154
745,392
745,862
745,677
745,779
745,448
745,304
745,236
745,954
745,629
745,263
745,609
745,578
745,942
745,446
746,284
746,702
746,693
746,273
746,1
746,908
746,497
746,272
747,665
747,91
747,511
747,923
747,598
747,793
747,52
747,903
747,24
747,216
747,731
747,99
747,155
747,924
747,634
747,871
747,36
747,173
747,71
748,650
748,759
748,886
748,428
748,280
748,592
748,523
748,25
748,187
748,474
748,202
748,788
748,654
748,370
748,672
748,193
748,362
748,796
748,169
749,230
749,53
749,240
749,45
749,561
749,425
749,826
749,348
749,860
749,314
749,822
750,185
750,442
750,423
750,644
750,588
750,45
750,931
750,897
750,919
750,332
750,524
750,56
750,212
750,879
750,812
750,465
750,306
750,171
750,164
750,307
751,478
751,183
751,603
751,994
752,635
752,580
752,334
752,204
752,522
752,953
752,401
752,845
753,885
753,714
753,450
753,937
753,801
753,168
753,938
753,53
753,432
753,369
753,92
753,889
753,43
754,304
754,614
754,510
754,637
754,467
754,127
754,40
754,355
754,137
755,445
755,614
755,210
755,90
755,528
755,364
755,478
755,360
755,130
755,968
755,891
755,975
755,679
755,522
755,189
755,157
756,568
756,913
756,380
756,873
756,484
756,678
756,369
756,660
756,887
756,635
756,493
756,576
756,974
756,448
756,454
756,358
756,60
756,989
756,941
757,674
757,698
757,273
757,735
757,101
757,396
757,696
757,750
757,856
758,339
758,365
758,944
759,174
759,140
759,628
759,403
759,260
759,154
759,556
759,713
759,400
759,836
759,554
759,797
759,938
759,132
759,345
760,581
760,960
760,919
760,909
760,376
760,823
761,579
761,204
761,317
761,543
761,757
761,611
761,196
761,778
761,952
761,160
761,356
761,447
761,480
761,405
761,603
762,334
762,720
762,582
762,475
762,838
763,904
763,626
763,188
763,856
763,259
763,325
763,124
763,418
763,701
763,87
763,61
763,369
763,118
763,629
763,683
763,705
764,351
764,183
764,651
764,331
764,503
764,868
765,693
765,680
765,76
765,537
765,275
765,776
765,92
765,188
765,384
765,292
765,998
765,609
765,931
765,912
765,49
765,58
766,322
766,979
766,841
766,849
766,487
766,512
766,808
766,743
766,629
767,839
767,873
767,962
767,518
767,591
767,479
767,75
767,255
767,466
767,767
767,21
767,192
767,269
768,323
768,795
768,434
768,980
768,453
768,182
768,623
768,383
768,167
768,235
769,572
769,760
769,905
769,504
769,582
769,877
769,38
769,558
769,112
769,670
769,685
769,690
769,430
769,136
769,746
769,935
769,205
769,784
769,282
770,676
770,691
770,499
770,74
770,65
770,226
770,728
770,714
770,742
770,185
770,808
770,149
770,309
770,221
770,228
770,907
770,826
770,245
770,230
771,312
771,688
771,924
771,919
771,172
771,58
771,479
771,712
771,796
771,824
771,945
771,768
771,726
772,883
772,937
772,534
772,329
772,559
772,211
772,792
772,467
772,242
772,878
772,310
772,789
772,306
772,906
772,461
772,48
772,746
772,50
773,609
773,580
773,839
773,659
773,768
773,692
773,448
773,80
773,963
773,953
774,987
774,129
774,408
774,119
774,795
774,721
774,964
774,570
774,86
774,563
774,518
774,890
775,194
775,496
775,467
776,874
776,491
776,614
776,683
776,245
776,332
776,584
776,620
776,4
776,254
776,403
776,284
776,312
776,630
776,845
776,829
776,323
777,992
777,783
777,189
777,554
777,285
777,824
777,216
777,154
777,645
777,919
777,862
777,634
777,79
777,594
777,353
777,660
778,169
778,931
778,94
778,483
778,994
778,131
778,51
778,350
778,39
778,263
778,361
778,546
778,153
778,816
778,167
778,523
778,117
778,628
779,18
779,681
779,903
779,579
779,738
779,21
779,842
779,584
779,560
779,378
779,688
780,392
780,766
780,328
780,323
780,332
780,985
780,697
780,580
780,923
780,545
780,566
780,927
780,130
780,520
781,189
781,715
781,492
781,666
781,418
781,60
781,782
781,42
781,497
781,10
781,137
781,979
781,585
781,78
781,274
781,479
781,396
782,267
782,400
782,321
782,940
782,363
782,843
782,38
782,315
782,224
782,844
782,325
782,376
782,95
783,425
783,365
783,409
783,82
783,959
783,92
783,949
783,347
783,10
783,725
783,518
783,372
783,502
783,342
783,479
783,593
784,800
784,329
784,387
785,677
785,282
785,982
785,619
785,942
785,587
785,635
785,366
785,952
785,847
785,683
785,709
785,820
785,60
785,224
785,762
785,468
785,661
785,454
786,494
786,304
786,503
786,243
787,501
787,776
787,537
787,383
787,779
787,413
787,159
787,928
787,272
787,427
787,951
788,806
788,845
788,560
788,270
788,198
788,417
788,945
788,795
788,483
788,359
788,197
788,117
788,712
788,20
788,698
788,474
788,240
789,735
789,457
789,786
789,515
789,742
789,225
789,55
789,141
789,389
789,800
790,75
790,769
790,918
790,373
790,577
790,932
790,269
790,649
790,306
790,569
790,362
790,225
790,829
790,52
790,338
790,806
790,792
790,266
791,648
791,234
791,243
791,768
791,587
791,84
791,825
791,616
791,759
791,599
791,7
791,183
791,480
791,521
791,142
791,851
791,874
791,448
791,561
791,629
792,195
792,994
792,438
792,183
792,476
792,202
792,965
792,880
793,901
793,70
793,212
793,183
793,235
793,567
793,719
793,323
793,130
793,369
793,819
793,797
793,393
793,731
793,673
793,224
793,455
793,539
793,215
794,632
794,462
794,245
794,186
794,197
794,852
795,743
795,180
795,888
795,865
795,240
795,715
795,744
795,632
795,927
795,656
795,75
795,63
796,6
796,843
796,762
796,636
796,754
796,402
796,918
796,50
796,375
796,323
796,80
796,646
796,500
796,677
796,735
796,833
796,901
797,382
797,281
797,654
797,366
797,679
797,648
797,484
797,384
797,559
797,907
797,665
798,223
798,794
798,816
798,213
798,831
798,182
799,501
799,568
799,520
799,699
799,733
799,48
799,605
799,456
799,112
799,490
799,600
799,150
799,487
799,466
799,803
799,832
799,26
800,28
800,875
800,622
800,437
800,854
800,718
800,913
800,536
800,338
800,659
800,366
800,105
800,301
800,108
801,905
801,616
801,248
802,98
802,835
802,276
803,310
803,953
803,861
803,562
803,290
804,990
804,498
804,224
804,556
804,40
804,194
804,915
804,456
804,903
804,780
804,976
804,851
804,930
804,256
804,885
805,772
805,698
805,612
805,934
805,417
805,454
805,994
805,99
806,925
806,295
806,947
806,201
806,770
806,992
807,982
807,880
807,333
807,524
807,783
807,911
807,83
807,770
807,289
807,883
807,437
807,128
807,514
807,100
807,639
807,528
807,359
807,956
807,491
807,844
808,186
808,799
808,562
808,625
808,982
808,117
808,155
808,608
808,923
808,366
808,87
808,778
809,669
809,297
809,526
809,30
809,199
809,598
809,674
809,249
809,560
809,945
809,73
809,367
809,182
810,693
810,404
810,269
810,303
810,180
810,471
810,3
810,797
810,801
811,444
811,926
811,331
811,459
811,202
811,233
811,217
811,808
812,874
812,298
812,790
812,624
813,495
813,649
813,887
813,867
814,645
814,263
814,896
814,23
814,228
814,278
814,330
814,561
814,212
815,169
815,271
815,761
815,859
815,310
815,453
815,480
815,524
815,9
815,156
815,408
815,329
815,376
815,289
815,102
815,420
815,988
815,883
815,723
815,186
816,954
816,39
816,88
816,529
816,298
816,499
816,589
816,899
816,25
816,402
816,555
816,846
816,366
817,994
817,94
817,375
817,651
817,743
818,707
818,541
818,208
818,375
818,639
818,496
818,188
818,674
818,767
818,535
818,126
819,944
819,453
819,201
819,627
819,854
819,184
819,296
819,100
819,215
819,605
819,370
819,35
819,185
819,80
819,546
819,961
819,222
820,177
820,747
821,439
821,969
821,685
821,901
821,351
821,66
821,895
821,768
821,29
821,194
822,268
822,951
822,728
822,464
822,988
822,258
822,355
822,37
822,727
822,39
822,193
822,527
822,507
822,290
822,669
822,741
822,253
822,763
823,877
823,982
823,35
824,876
824,882
824,545
824,110
824,741
824,990
824,988
824,67
824,930
824,581
824,803
824,170
824,823
824,344
824,149
824,594
824,323
824,505
825,540
825,998
825,418
825,439
825,915
825,98
825,754
825,233
825,928
826,432
826,759
826,384
827,155
827,903
827,795
827,473
827,432
827,313
827,92
827,132
827,784
827,798
827,337
827,309
827,735
827,914
827,39
828,560
828,709
828,677
828,454
828,393
829,410
829,835
829,256
829,211
829,368
829,198
829,766
829,534
829,987
829,445
829,845
829,981
829,920
829,893
829,259
829,784
829,706
829,348
829,647
829,338
830,754
830,911
831,745
831,837
832,350
832,999
832,994
832,732
832,830
832,564
832,202
832,92
832,426
832,184
832,180
833,830
833,256
833,130
833,675
833,63
833,964
834,830
834,807
834,242
834,386
834,361
834,570
835,875
835,344
835,305
835,859
835,964
835,998
836,349
836,165
836,824
836,742
836,14
836,931
836,744
836,162
836,511
836,121
836,308
836,120
836,379
836,60
836,519
836,198
837,476
837,226
837,641
837,620
837,437
837,854
837,969
837,748
837,988
837,989
837,984
837,403
837,453
837,298
838,706
838,910
838,248
838,753
838,931
838,962
838,143
838,553
838,418
838,256
838,671
839,274
839,159
839,37
839,428
839,448
839,753
839,695
839,848
839,102
839,303
839,426
839,237
839,607
839,248
839,373
840,889
840,832
840,571
840,639
840,448
840,805
840,957
840,565
840,369
840,80
840,425
840,713
840,25
840,614
840,681
840,976
840,530
840,354
840,949
840,837
841,310
841,686
841,617
841,55
841,350
841,183
841,282
841,222
841,846
841,172
841,568
841,77
841,36
841,604
841,693
841,671
841,767
841,388
841,97
842,422
842,507
842,345
842,651
842,964
842,306
842,851
842,876
842,236
842,601
842,992
843,907
843,500
843,671
843,767
843,607
843,188
843,333
843,10
843,673
843,199
843,749
843,280
843,669
843,466
843,544
843,4
843,604
843,194
844,883
844,588
844,247
844,308
844,40
844,806
844,310
844,531
844,324
844,734
844,923
844,552
844,142
844,193
844,606
844,661
844,101
844,600
844,428
844,765
845,648
845,86
845,103
845,37
845,50
845,946
845,707
845,309
845,41
845,793
845,314
845,348
845,694
846,450
846,125
846,646
846,838
846,565
846,17
846,733
846,792
846,90
846,817
846,188
846,899
846,235
846,153
846,146
846,438
847,982
847,605
848,659
848,666
848,113
848,211
848,667
848,803
848,905
848,26
848,207
848,98
849,675
849,226
849,670
849,510
849,746
849,957
849,854
849,543
849,429
849,215
849,507
849,471
849,922
849,278
849,179
849,923
849,265
850,156
850,65
850,232
850,819
850,206
850,944
850,680
850,210
851,504
851,289
851,573
851,196
851,989
851,942
851,19
851,217
851,651
851,568
851,48
851,216
851,122
851,274
851,914
851,997
851,39
852,870
852,160
852,75
852,466
852,617
852,80
852,231
852,244
852,205
852,149
852,453
853,651
853,5
853,866
853,281
853,327
853,713
853,622
853,165
853,120
853,19
853,701
853,458
853,309
854,486
854,91
854,995
854,666
854,427
854,758
854,407
854,644
854,633
854,942
854,574
854,878
854,374
854,571
854,193
854,639
854,274
854,16
855,595
855,441
855,947
855,835
855,756
855,101
855,468
855,571
855,713
855,970
855,473
855,329
855,559
856,969
856,269
856,678
856,538
856,464
856,562
856,201
856,240
856,450
856,848
856,192
856,684
857,744
857,491
857,253
857,992
857,302
857,584
857,756
858,212
858,992
858,15
858,329
858,113
858,236
858,529
858,171
858,505
858,493
858,81
858,669
858,42
858,556
858,793
859,867
859,848
860,728
860,598
860,460
860,873
860,656
860,345
861,114
861,204
861,606
861,623
862,894
862,798
862,655
862,200
862,764
862,203
862,880
862,650
863,535
863,208
863,796
863,5
863,801
863,634
863,239
863,967
863,818
863,694
863,576
863,613
864,388
864,161
865,927
865,702
865,980
865,764
865,738
865,499
865,455
865,989
865,131
865,780
866,419
866,930
866,697
866,818
866,775
866,211
866,75
866,615
866,388
866,416
866,436
867,786
867,452
867,426
867,381
867,698
867,692
867,112
867,675
867,183
867,139
867,506
867,801
867,300
867,695
867,141
867,408
867,737
867,2
868,67
868,369
868,952
868,367
868,315
868,963
868,509
868,435
869,802
869,690
869,448
869,727
869,452
869,571
869,211
869,606
869,474
869,662
869,803
869,757
869,557
869,564
869,417
869,776
869,552
869,728
869,479
869,772
870,70
870,160
870,463
870,172
870,310
870,374
870,408
870,251
871,680
871,38
871,88
871,177
871,367
871,957
871,160
871,560
871,628
871,764
871,339
871,950
871,394
872,833
872,997
872,525
872,933
872,697
872,44
873,538
873,106
873,461
873,979
873,938
873,796
873,320
873,253
873,287
873,822
873,706
873,676
873,997
873,562
873,768
874,328
874,979
874,874
874,502
874,836
874,481
874,205
874,430
874,128
874,981
874,431
874,839
875,684
875,768
875,717
875,190
875,623
875,481
875,10
875,792
875,79
875,162
875,239
876,853
876,729
876,336
876,196
876,841
876,822
876,951
876,328
876,198
876,599
876,273
876,790
876,778
876,119
876,674
876,490
877,322
877,900
877,91
877,698
877,127
877,738
877,833
878,126
878,336
878,309
878,405
878,363
879,971
879,576
879,75
879,690
879,968
879,446
879,236
879,831
879,682
879,542
880,836
880,677
880,362
880,305
880,716
880,402
880,144
880,823
880,513
880,38
880,230
880,95
880,346
880,912
880,802
880,242
881,974
881,526
881,990
881,121
881,243
881,67
881,186
881,653
881,247
881,899
881,772
881,957
881,729
881,981
881,122
881,793
881,90
881,562
882,653
882,73
882,514
882,872
882,354
882,339
882,711
882,869
882,631
882,328
882,844
882,450
882,834
882,215
882,124
882,901
882,298
882,749
882,594
883,815
883,272
883,511
883,918
883,370
883,708
883,115
883,719
883,230
884,50
884,178
884,239
884,768
884,461
884,9
884,894
884,552
884,2
884,802
884,852
884,839
884,732
884,223
885,178
885,436
885,551
885,785
885,334
885,339
885,294
885,987
885,184
885,59
885,70
885,307
885,506
885,791
885,321
885,441
885,128
885,484
885,914
885,977
886,959
886,153
886,353
886,359
886,343
887,566
887,877
887,792
887,935
887,43
887,155
887,901
887,325
887,332
887,109
887,486
887,76
887,899
887,201
887,380
887,397
887,625
887,100
887,997
888,240
888,164
888,796
888,760
888,685
888,854
888,176
888,759
888,920
888,336
888,171
888,973
889,462
889,31
889,642
889,291
889,613
889,3
889,808
890,817
890,868
890,452
891,305
891,510
891,55
891,575
891,871
891,51
891,293
891,868
892,275
892,167
892,628
892,396
892,203
892,652
892,565
892,232
892,913
892,434
893,508
893,459
893,209
893,864
893,502
893,412
893,48
893,577
893,848
893,44
893,81
893,197
893,858
894,149
894,875
894,269
895,941
895,313
895,301
895,649
895,626
895,174
895,893
895,881
895,774
895,160
895,115
895,928
895,527
895,372
895,659
895,218
895,638
896,316
896,659
896,328
896,321
896,713
896,432
896,350
896,739
896,96
896,956
896,848
896,582
896,132
896,538
896,892
896,868
896,289
896,618
896,264
897,565
897,979
897,474
898,693
898,114
898,10
898,411
898,528
898,25
898,707
898,674
898,40
898,489
898,39
898,542
898,393
899,395
899,331
899,674
899,797
899,535
899,228
899,299
899,999
899,951
900,325
900,866
900,58
900,599
900,837
900,608
900,76
900,603
900,238
900,817
900,184
900,208
900,377
900,995
900,606
901,685
901,554
901,681
901,215
901,806
902,528
902,615
902,171
902,975
902,409
902,37
903,585
903,561
903,15
903,392
903,366
903,431
903,492
903,881
903,217
903,54
903,637
903,582
903,416
903,117
903,376
903,358
903,943
904,337
904,395
904,283
904,318
904,663
904,965
904,970
904,446
904,324
904,65
904,897
904,872
904,504
904,907
904,43
904,956
904,281
904,21
905,150
905,910
905,644
905,236
906,509
906,721
906,139
906,625
906,561
906,442
906,978
906,219
906,222
906,56
906,6
906,396
906,762
906,478
906,916
906,342
906,943
906,343
907,786
907,21
907,345
907,244
907,941
907,396
907,308
907,295
907,384
907,371
907,773
907,436
907,889
908,136
908,559
908,422
908,882
908,762
909,507
909,818
909,104
909,357
909,676
909,260
909,424
909,808
909,530
909,801
909,9
909,238
909,81
909,505
909,329
909,572
909,493
909,325
909,668
909,118
910,914
910,776
910,425
910,73
910,616
910,719
910,429
910,176
911,933
911,745
912,647
912,277
912,608
912,683
912,607
912,187
912,629
912,702
912,391
912,558
912,303
912,467
912,110
912,468
912,990
912,57
912,378
913,767
913,561
913,676
913,931
913,56
913,791
913,423
913,758
913,921
913,567
913,153
913,408
913,121
913,578
913,152
914,170
914,229
914,524
914,308
914,7
914,339
914,881
914,697
914,964
914,427
914,73
914,772
914,823
914,696
914,493
914,490
915,691
915,426
915,761
915,30
915,506
915,53
915,688
915,408
915,264
916,898
916,765
916,168
916,962
916,659
916,26
916,143
916,705
916,76
916,843
916,38
917,628
917,77
917,533
917,260
917,562
917,282
917,986
917,746
917,66
917,766
917,650
917,747
917,699
917,459
917,502
917,38
917,947
917,144
917,671
918,302
918,547
919,743
919,231
919,205
919,581
919,253
919,461
919,630
919,579
920,521
920,528
920,501
920,114
920,678
920,983
920,924
920,800
920,677
920,880
920,389
920,634
920,567
921,486
921,770
921,677
921,374
921,269
921,309
921,931
921,242
921,467
921,400
921,783
921,108
921,381
921,371
922,901
922,289
922,405
922,286
922,612
922,36
922,43
922,339
922,312
922,429
922,665
922,86
922,809
922,602
922,272
922,725
922,570
922,597
922,636
923,836
923,393
923,427
923,805
923,943
923,472
923,124
923,111
923,668
923,790
923,347
923,751
924,330
924,505
924,885
924,180
924,570
924,229
924,71
924,791
924,721
924,48
924,658
924,285
924,752
924,212
924,259
924,203
924,178
924,105
924,234
925,797
925,681
925,584
925,170
925,154
925,81
925,343
925,361
925,711
925,260
925,602
925,328
925,268
925,314
925,843
925,24
926,373
926,104
926,428
926,167
926,72
926,437
926,509
926,246
926,504
926,978
926,193
926,538
926,419
926,669
926,523
926,694
926,639
926,598
926,587
927,698
927,879
927,249
927,288
927,231
927,65
927,27
927,803
927,651
927,225
927,630
927,44
927,132
927,579
927,953
927,959
927,258
927,469
927,60
928,837
928,836
928,603
928,605
928,791
928,797
928,478
928,490
928,144
928,52
928,784
928,693
929,983
929,478
929,173
929,549
929,221
929,325
929,375
929,396
929,738
929,548
929,8
929,283
929,181
929,447
929,803
929,626
929,667
929,330
929,105
930,72
930,899
930,462
930,388
930,300
930,513
930,255
930,495
930,75
930,803
930,421
930,779
930,181
930,838
931,862
931,703
931,409
931,987
931,805
931,341
931,607
931,589
931,149
931,476
931,723
931,869
931,422
931,455
931,905
931,543
931,542
932,871
932,672
932,925
932,289
932,982
932,396
932,290
932,597
932,869
932,506
932,725
932,814
932,161
932,224
932,762
932,775
932,826
933,899
933,773
933,614
933,612
933,934
933,13
934,588
934,586
934,397
934,132
934,548
934,308
934,232
934,138
934,823
935,854
935,661
935,684
935,358
935,355
935,635
935,744
936,435
936,777
936,194
936,416
936,957
936,739
937,189
937,637
937,324
937,317
937,410
937,147
937,125
938,771
938,18
938,215
938,388
938,587
938,435
938,100
938,458
938,708
938,492
938,395
938,701
938,564
938,237
938,930
938,750
939,379
939,148
939,779
939,1
939,667
939,218
939,333
940,430
940,870
940,375
940,854
940,819
940,572
940,320
940,640
940,591
940,437
940,600
940,697
940,419
940,943
940,90
940,304
940,949
940,150
941,578
941,989
941,161
941,892
941,460
941,999
941,523
941,432
941,246
941,675
941,470
941,573
942,943
942,721
942,394
942,933
942,739
942,802
942,625
942,57
943,91
943,616
943,470
943,210
943,565
943,727
943,985
943,348
943,817
943,961
943,405
943,286
943,131
943,569
943,947
944,784
944,460
944,560
944,102
944,851
944,603
944,61
944,852
944,963
944,628
944,209
944,364
944,398
944,151
944,773
944,18
945,296
945,789
945,816
945,128
945,774
945,897
945,511
945,799
945,203
945,322
945,283
945,26
945,920
945,687
945,696
945,753
945,246
945,297
946,198
946,110
946,901
946,368
946,162
946,609
946,245
946,45
946,97
946,367
946,714
946,282
946,436
946,877
946,939
946,18
946,953
946,860
946,691
946,62
947,577
947,852
947,413
947,10
947,442
947,653
947,479
947,591
947,547
947,679
947,45
947,864
947,97
947,516
947,648
948,754
948,117
948,747
948,475
948,990
948,175
949,246
949,137
949,318
949,790
949,588
950,513
950,745
950,319
950,351
950,515
950,77
950,184
950,417
950,697
950,759
950,448
950,882
950,300
950,645
950,942
950,545
950,595
950,708
951,841
951,406
952,945
952,467
952,390
952,119
952,599
952,117
952,824
952,371
952,936
952,177
952,573
952,372
952,102
952,608
952,273
952,758
953,754
953,193
953,439
953,309
953,808
953,546
954,788
954,438
954,385
954,883
954,659
954,57
954,290
954,776
954,68
954,876
954,433
954,332
954,369
954,251
954,684
954,686
954,630
955,85
955,741
955,294
955,244
955,471
955,441
955,786
955,998
955,638
955,932
955,603
955,665
955,219
955,549
955,77
955,799
955,851
955,609
956,505
956,874
956,342
957,452
957,949
957,474
957,17
957,868
957,528
957,654
957,589
957,857
957,842
957,777
957,92
957,184
958,138
958,496
958,84
958,700
959,579
959,387
959,991
959,42
959,757
959,785
960,791
960,889
960,77
960,882
960,897
960,255
960,125
960,326
960,959
960,613
960,969
960,380
960,857
960,657
960,319
960,189
960,29
961,724
961,401
961,262
961,600
961,463
961,57
962,346
962,260
962,654
962,531
962,847
962,177
962,715
962,707
962,596
962,624
962,909
962,676
962,572
962,3
962,539
962,481
962,601
962,277
963,682
963,552
963,12
963,202
964,563
964,972
964,687
964,578
964,706
964,307
964,234
964,906
964,422
964,774
964,598
964,512
964,971
965,119
965,534
965,521
965,554
965,427
965,216
965,706
966,819
966,664
966,169
966,712
966,135
966,356
967,337
967,561
967,818
967,48
967,686
967,145
967,8
967,113
967,815
967,51
968,724
968,306
968,712
968,767
968,147
968,74
968,324
968,849
968,572
969,739
969,137
969,735
969,675
970,918
970,726
970,209
970,538
970,578
970,274
970,588
970,396
970,880
970,476
970,380
970,91
970,956
970,765
970,39
970,542
970,594
970,176
971,97
971,299
971,11
971,931
971,336
971,454
971,981
971,670
971,358
971,18
971,301
971,850
971,609
971,69
971,967
972,872
972,999
972,392
972,211
972,239
972,154
972,117
972,428
972,471
972,148
972,153
972,585
972,796
972,344
972,468
973,667
973,605
973,365
974,155
974,13
974,919
974,747
974,454
974,780
974,469
974,789
974,233
974,849
974,7
974,467
975,682
975,319
976,858
976,665
976,804
976,224
976,512
977,829
977,664
977,322
977,371
977,166
978,698
978,696
978,675
978,78
978,87
978,387
978,391
978,631
978,162
978,54
978,530
978,92
979,814
979,721
979,210
979,45
979,381
979,368
979,599
979,879
979,717
979,797
979,131
979,758
979,254
979,110
979,715
979,647
979,841
979,558
980,801
980,129
980,650
980,585
980,228
980,166
980,341
980,438
980,502
980,962
981,39
981,574
981,440
982,414
982,727
983,573
983,727
983,119
983,68
983,792
983,958
983,141
983,598
983,24
984,821
984,394
984,573
984,427
984,19
984,822
984,979
985,201
985,234
985,579
985,270
985,649
985,322
985,506
985,147
985,521
985,855
985,672
985,929
985,129
985,432
985,276
985,974
986,533
986,307
986,371
986,216
986,567
986,306
986,174
986,689
986,747
987,154
987,411
987,913
987,256
987,178
987,604
988,689
988,86
989,887
989,520
989,309
989,10
989,820
989,388
989,356
989,329
989,679
989,544
990,201
990,681
990,350
990,970
990,265
990,539
990,168
990,431
990,976
990,121
990,671
990,34
990,290
990,712
990,931
990,796
990,255
991,464
991,271
991,331
991,383
991,469
991,800
991,328
991,106
991,561
991,934
991,954
991,102
991,151
991,609
991,994
991,279
991,10
991,392
991,728
991,444
992,70
992,638
992,924
992,767
992,208
992,545
992,493
992,91
992,477
992,42
992,561
992,547
992,224
992,852
992,34
992,752
992,670
992,681
992,440
992,628
993,630
993,477
993,661
993,562
993,729
993,633
993,185
993,445
993,648
993,974
993,486
993,904
993,313
994,251
994,164
994,345
994,799
994,888
995,218
995,626
995,900
995,762
995,596
995,525
995,510
995,545
995,910
996,796
996,61
996,775
996,430
996,854
996,477
996,6
996,116
996,890
996,464
996,328
996,451
996,397
996,980
996,859
996,490
996,586
996,297
997,629
997,34
997,591
997,245
997,226
997,926
997,478
997,836
997,811
997,432
997,279
998,606
998,684
998,584
998,650
998,840
998,753
999,512
999,415
999,544
999,947
999,925
999,905
999,830
999,430
999,275
999,910
999,281
999,668
999,729
999,667
999,773
